conversation_id,ResponseId,create_time,survey_start_time,time_diff_hours,first_user_message,extracted_id,match_method,folder,MessageCount,UserMessageCount,AIMessageCount,AverageUserMessageLength,AverageAIMessageLength,ConversationDuration,ConversationDurationMinutes
6751d8b0-f324-8001-81ee-5cc12822fc41,R_2msH3L5ggrv9UCC,1733417137.176554,1733390160.0,7.49366015387906,My ID is 05122024_1645_1,,PromptData,CSN1,24,12,12,24.166666666666668,331.1666666666667,731.4107978343964,12.190179963906607
6751c400-b6c4-8001-b67f-859a87c2692f,R_8roP20I2EySddnJ,1733411840.942526,1733390160.0,6.022484035028351,my id is 05122024_1517_1,,PromptData,CSN1,24,12,12,49.833333333333336,527.5833333333334,1202.1596069335938,20.03599344889323
67517f3b-39dc-8001-b00d-4aba7f609de4,R_8EaKc1PPHEfa3BZ,1733394235.622429,1733390160.0,1.1321173413594563,esperanto quick lesson,,PromptData,CSN1,28,14,14,26.571428571428573,1013.7857142857143,1061.7523741722107,17.695872902870178
67508449-da24-8001-8e65-69fc231fc334,R_8dFnCdNrlYAiGQN,1733329994.1406,1733307600.0,6.2205946111016805,My ID is 04122024_16:15_1.,,PromptData,CSN1,6,3,3,26.333333333333332,310.6666666666667,120.84944105148315,2.0141573508580524
675073d1-b904-8001-91a8-be0865d0f1de,R_8aks8yiJmGUThm7,1733325778.142805,1733307600.0,5.049484112527636,My ID is 04122024_1500_1,,PromptData,CSN1,16,8,8,22.625,323.125,792.1175799369812,13.201959665616354
675063f6-f51c-8001-86e1-3980abfcd04d,R_2nc4qBHmlrrEEw3,1733321719.192413,1733307600.0,3.921997892525461,my id is 04122024_1345_1,,PromptData,CSN1,16,8,8,46.875,144.0,591.9334180355072,9.865556967258453
67505184-09ac-8001-a0a8-1651c3a57292,R_82Q3ncNmRayzEKx,1733316996.30958,1733307600.0,2.610085994468795,My ID is 04122024_1300_01,,PromptData,CSN1,24,12,12,46.833333333333336,85.33333333333333,921.2061109542847,15.353435182571411
675029ba-a330-8001-b58c-a5591d5e2a18,R_2xyFtyUerHApC5u,1733306810.881212,1733307540.0,0.20253299666775598,is esperanto a real language,,PromptData,CSN1,12,6,6,24.666666666666668,376.5,2240.9120059013367,37.34853343168894
674f413f-b8cc-8001-bfce-65f867969639,R_2SvsFuy5fEwcHAt,1733247295.84501,1733221500.0,7.165512502789498,"This study is being conducted by researchers from the FAIR centre at NHH Norwegian School of Economics and Lund University.

Payment and Rewards

You are guaranteed payment for this study if you c",,PromptData,CSN1,2,1,1,1502.0,537.0,0.5000209808349609,0.008333683013916016
674f0355-8900-8001-91af-68750c07f9e5,R_2nAH0q3aGvFXIq5,1733231445.75742,1733221500.0,2.7627103944619495,is in esperando,,PromptData,CSN1,6,3,3,12.666666666666666,122.66666666666667,15.214210987091064,0.2535701831181844
674efe79-840c-8001-90d5-887c4d79676c,R_2MlncIFkGiOjvu9,1733230201.827388,1733221500.0,2.4171742744578255,amikoj meaning from espanton,,PromptData,CSN1,28,14,14,19.428571428571427,331.64285714285717,927.0991539955139,15.451652566591898
674f481d-4fd8-8001-9778-b89ea4a08db9,R_8TB22WcgsuXNtvb,1733249053.531452,1733221500.0,7.653758736650149,My ID is 03/12/2024_18:04_1,,PromptData,CSN1,2,1,1,27.0,41.0,0.624992847442627,0.010416547457377115
674f1596-5170-8001-a641-2b53debd296a,R_28Yz257ZTozADM5,1733236118.587921,1733221500.0,4.0607188669178225,"wcorrect or not:La granda knabo estas juna.

Tom estas multe interesa.

La knabinoj lernas rapidej.",,PromptData,CSN1,6,3,3,351.6666666666667,378.3333333333333,77.06118106842041,1.2843530178070068
674f3266-1208-8001-8790-f92390f883fd,R_2Gq9nu4Iz7SYYvr,1733243494.272403,1733221500.0,6.10952011194494,masculine,,PromptData,CSN1,42,19,21,17.842105263157894,477.6190476190476,1400.773302078247,23.346221701304117
674f2301-a09c-8001-8993-73e9955a02fc,R_2rV4lAz5iMxlo2J,1733239553.816696,1733221500.0,5.0149490822023814,My ID is 01122024_1500_11,,PromptData,CSN1,20,10,10,32.6,384.1,681.0689771175385,11.35114961862564
674f0cbd-e4a0-8001-a29a-617d28694669,R_2pvF73TmhhDLTeV,1733233854.181947,1733221500.0,3.4317172074980204,what is esperanto,,PromptData,CSN1,26,13,13,148.3846153846154,456.0,1806.466980934143,30.10778301556905
674eda35-0a30-8001-8cac-9c56805f22e0,R_2C3icjM76Larbfm,1733220917.483237,1733221500.0,0.16181021193663278,teach me esperamento ,,PromptData,CSN1,25,11,13,44.72727272727273,1687.1538461538462,1067.9375870227814,17.798959783713023
674d880c-90c8-8001-ad79-3208e14e8928,R_8074joer8GcAWxD,1733134348.832335,1733112720.0,6.008008981943131,hello,,PromptData,CSN1,2,1,1,5.0,36.0,0.5668799877166748,0.009447999795277913
674da645-4518-8001-9cef-a87cd1b4a1f0,R_8nVQtW7WN4z0eP0,1733142085.650279,1733112660.0,8.173791744179196,My ID is 20471918_1221_1,,PromptData,CSN1,29,14,14,38.142857142857146,180.85714285714286,808.0134580135345,13.466890966892242
674861bb-e28c-8001-b7f0-443332f372a4,R_8IYEZd0vJC0vCU8,1732796860.14173,1732770360.0,7.361150480575032,28112024_1200_1,,PromptData,CSN1,26,13,13,42.84615384615385,727.3076923076923,830.827164888382,13.847119414806366
6751d69b-4d18-800e-a80a-4b649aac1206,R_2LI5fximhtrwqVt,1733416603.60071,1733390160.0,7.3454446416431,My ID 05122024_1615_10,,PromptData,CSN10,42,21,21,285.0,451.2857142857143,1231.507206916809,20.525120115280153
6751c5aa-7a14-800e-a94c-a6bccd850f16,R_8dR0Uoy3xufVd4Z,1733412266.698468,1733390160.0,6.140749574436081,My ID is 05122024_1500_10,,PromptData,CSN10,28,13,14,23.307692307692307,253.28571428571428,1025.4148650169373,17.090247750282288
67517fba-4f28-800e-9fe9-9fda484ba697,R_8PIehlH6ppwID9h,1733394362.581682,1733390160.0,1.1673838005463282,My ID is 04122024_1025_10,,PromptData,CSN10,32,15,16,56.86666666666667,162.5,710.9903810024261,11.84983968337377
675097e0-5a04-800e-9ed5-cb59ae18a187,R_8kd3z8o5je8CVCu,1733335008.726858,1733307600.0,7.613535238305728,"
Select the complement to the sentence that gives the most logical
meaning to the sentence.
La viro estas laca...
...ĝi estas feliĉa.
...ĉar li ne lernas Esperanton.
...kaj la virino dormas.
.",,PromptData,CSN10,32,16,16,65.9375,84.8125,826.8757710456848,13.781262850761413
6750856b-7db8-800e-a4fc-b4ce33321940,R_87d1MboujLoWSvk,1733330283.750545,1733307600.0,6.3010418180624646, My ID is 04122014_0315_10 ,,PromptData,CSN10,31,15,15,96.8,350.06666666666666,986.2618131637573,16.43769688606262
675072f1-aac4-800e-99b0-57fe7e8c1c21,R_2dGHH22TJOeuY6p,1733325553.942284,1733307600.0,4.98720619002978,My ID is 04122024_1500_11,,PromptData,CSN10,6,2,3,31.5,339.0,327.84716987609863,5.464119497934977
67506146-7dc0-800e-b6a7-a70abd56437c,R_2Pdnd6bKm1jZF17,1733321030.74499,1733307600.0,3.730762497252888,My ID is 04122024_1345_10,,PromptData,CSN10,42,20,21,39.7,351.42857142857144,771.788859128952,12.8631476521492
675053e5-19cc-800e-8d5f-eb3994efb5da,R_2IKiR2a1mXUMsDf,1733317605.392088,1733307600.0,2.779275579982334,b,,PromptData,CSN10,2,1,1,1.0,1475.0,8.5343599319458,0.14223933219909668
675041a1-3c58-800e-8528-b93398c30474,R_8dgifdcS4bkU37n,1733312929.859505,1733307600.0,1.4805165291494793,My ID is 20562616_1115_10,,PromptData,CSN10,22,9,11,37.77777777777778,285.8181818181818,741.0220620632172,12.350367701053619
67502ed5-4ed4-800e-afb6-8a2d3fc852e5,R_2YnwWsq1L2UPplf,1733308117.476129,1733307600.0,0.14374336918195088,My ID is 20596864_1028_04,,PromptData,CSN10,44,21,22,101.23809523809524,51.09090909090909,884.6788239479065,14.744647065798441
674f4873-acd4-800e-9fd9-d1369151fffc,R_2DZZZauzs8ZiyCl,1733249140.061422,1733221500.0,7.67779483947489,My ID is 03122024_1730_10,,PromptData,CSN10,14,6,7,27.166666666666668,557.7142857142857,522.5046219825745,8.70841036637624
674f332c-0608-800e-ae47-f592b3f98463,R_2lzwFysfCJMlF3G,1733243692.838712,1733221500.0,6.1646774199936125,what is to fly in esperanto,,PromptData,CSN10,30,15,15,38.86666666666667,303.26666666666665,860.9919259548187,14.349865432580312
674f23bc-4304-800e-be8d-b43918a4eca9,R_8rIzbD580oyaUHK,1733239740.472369,1733221500.0,5.066797880265447,My ID is date 03122024_1500_10,,PromptData,CSN10,30,14,15,136.78571428571428,215.26666666666668,747.8192300796509,12.463653834660848
674f1434-518c-800e-817a-ba555304ea7c,R_2wt6uB8TuCInl7b,1733235768.120311,1733221500.0,3.9633667530616123,The man is happy because he lives in a beautiful apartment. in esperanto,,PromptData,CSN10,2,1,1,72.0,54.0,4.856911897659302,0.08094853162765503
674f009d-2098-800e-afec-4d08c111242c,R_2xVkum1kdyE7pLx,1733230749.391095,1733221500.0,2.5692753041452834, My ID is 3rdDecember_12:30_10,,PromptData,CSN10,22,9,11,31.11111111111111,271.1818181818182,667.7102808952332,11.12850468158722
674eecb4-944c-800e-999a-691db58c1d1e,R_2pmXYMLknxtVcyb,1733225652.843984,1733221500.0,1.1535677733023961,My ID is 02122024_1135_10,,PromptData,CSN10,45,22,23,22.954545454545453,106.82608695652173,1068.4553668498993,17.807589447498323
674da63b-5af4-800e-8caa-863c771b0472,R_8EiQBhFFtzeUVYX,1733142075.664779,1733112600.0,8.187684660818842,My ID is 01122024_1200_10.,,PromptData,CSN10,22,10,11,64.4,807.2727272727273,657.6407217979431,10.960678696632385
6751da8c-8088-8002-ae6e-56e232820bf5,R_2lDlmVuxpeLOTnU,1733417612.80254,1733390160.0,7.625778483351072,My ID is 01122024_1500_11 and hit enter,,PromptData,CSN11,16,8,8,46.75,44.0,296.09432792663574,4.934905465443929
6751c501-851c-8002-8978-5010ee03d753,R_8fl3iGC9GsLsxYU,1733412097.765319,1733390160.0,6.09382369975249, My ID is 05/12/2024._15:21_11. ,,PromptData,CSN11,29,15,14,21.466666666666665,205.28571428571428,870.8844239711761,14.514740399519603
67509668-e394-8002-bd5f-5d5780a66f37,R_8ML5MX91ihgE0Eh,1733334633.087677,1733307600.0,7.509191021389431,My ID is 04122024_1730_11,,PromptData,CSN11,12,6,6,33.666666666666664,188.5,570.4208970069885,9.507014950116476
67508513-5df8-8002-b6fe-7996a00af6f2,R_2Fhc7u2XpiNnk6w,1733330195.650658,1733307540.0,6.293236293858952,My ID is 04122024_1615_11,,PromptData,CSN11,18,9,9,26.77777777777778,169.11111111111111,935.8920769691467,15.598201282819112
67502efe-a3e4-8002-b6ab-d9e6c3176786,R_2zAx59ixCIAPBSd,1733308158.90529,1733307540.0,0.1719181360801061,20452200_1029_11,,PromptData,CSN11,8,4,4,36.5,826.5,633.8717188835144,10.564528648058573
675072b0-c560-8002-b3be-273810499c3b,R_2GdjsXfERFtzlt6,1733325489.011485,1733307540.0,4.985836523638831,my id is 04122024_1500_11,,PromptData,CSN11,28,14,14,25.357142857142858,426.35714285714283,1136.313621044159,18.938560350735983
675050f1-8e74-8002-8d93-b7b3e14e2c48,R_2PpcntDUipzDsdw,1733316849.829276,1733307540.0,2.586063687801361,My ID is 04122024_1253_11,,PromptData,CSN11,26,13,13,28.23076923076923,159.69230769230768,778.4324350357056,12.97387391726176
675040fe-8a4c-8002-bca7-8cda704da262,R_2dB03Mf09zOeM4x,1733312766.774999,1733307540.0,1.4518819441397985,my ID is 04/12/24_11:45am_11,,PromptData,CSN11,52,26,26,24.423076923076923,325.96153846153845,956.7781109809875,15.946301849683126
674f46c9-7818-8002-9686-b8b8c1e64e5a,R_8ha6ZVW6QMiN0pK,1733248713.811102,1733221500.0,7.559391972753737,My ID is 20679508_03122024_1757_11,,PromptData,CSN11,6,3,3,35.333333333333336,313.6666666666667,256.24922490119934,4.270820415019989
674f3527-9c50-8002-9cac-4adaacd30e53,R_8LiebpyRygCrrq0,1733244199.864798,1733221500.0,6.3055179994636115,My ID is 03/12/2024 16:43 11,,PromptData,CSN11,12,6,6,25.666666666666668,196.83333333333334,473.56247091293335,7.8927078485488895
674f23ae-c04c-8002-b5b2-9dec1f5889e9,R_8dvsXZarS3qCLw5,1733239727.006576,1733221500.0,5.0630573822392355,01122024_1500_11,,PromptData,CSN11,15,7,8,47.42857142857143,331.25,595.5053558349609,9.925089263916016
674f1176-2f50-8002-a787-baa1bd721b77,R_8QOojw4pDEjlmCZ,1733235062.438809,1733221500.0,3.767344113588333,My ID is 03122024_1345_11,,PromptData,CSN11,20,10,10,31.9,327.7,709.7908918857574,11.829848198095958
674eff1e-a248-8002-8f17-456722d4a36b,R_8CKGZ7G579uv0eB,1733230366.9161,1733221500.0,2.4630322500069934,my ID is 03122024_1230_11,,PromptData,CSN11,6,3,3,27.0,221.66666666666666,595.8830289840698,9.931383816401164
674edc3d-4408-8002-b94c-6d32a573741d,R_2bJGScq1Sy6Chsz,1733221437.500822,1733216880.0,1.2659724505742391,amikoj,,PromptData,CSN11,48,24,24,80.79166666666667,474.8333333333333,1248.6752219200134,20.811253698666892
674eefef-99c0-8002-b28c-6d1acc07e608,R_838G1KIkokJlWcq,1733226479.907213,1733216880.0,2.6666408924924,My ID is 03122024_1115_11,,PromptData,CSN11,10,5,5,46.8,420.0,2046.806097984314,34.11343496640523
674da7bf-9a08-8002-8554-d288839a3385,R_8l4wamITs56Z31X,1733142463.776413,1733112600.0,8.29549344804552,My ID is 02122024__1200_11,,PromptData,CSN11,7,3,4,37.333333333333336,323.75,540.6206631660461,9.010344386100769
6751d99a-e2b0-8007-a026-a3259819ee77,R_8EmZ1fofAc4mDPS,1733417371.181893,1733390160.0,7.558661636975076,My ID is 05122024_16:49_13,,PromptData,CSN13,20,9,10,78.55555555555556,187.8,503.79020619392395,8.3965034365654
6751c578-f8b0-8007-a96c-996f8af0f51c,R_2gbZheupiwydWz5,1733412217.140518,1733390160.0,6.126983477208349,My ID is 05122024_1500_13,,PromptData,CSN13,38,18,19,33.888888888888886,361.5263157894737,917.3570318222046,15.28928386370341
67518263-de38-8007-b0dc-7bd43af05201,R_8US7QTbGQ3rfkyJ,1733395044.197492,1733390160.0,1.3567215255233978,My ID is 05122024_1037_13 and hit enter,,PromptData,CSN13,6,2,3,127.0,259.6666666666667,67.59278702735901,1.1265464504559835
67509a06-0bb8-8007-a727-fb13bf605084,R_2qrRlo6F1thX30J,1733335558.33119,1733307540.0,7.782869775030348,my ID is 04122024_1730_13,,PromptData,CSN13,6,2,3,37.0,229.0,101.90667605400085,1.6984446009000143
6750855a-1fd8-8007-9ed7-312a8e725b14,R_8zzN8wUT8oAbrgo,1733330266.626982,1733307540.0,6.3129519394371245,My ID is 04122024_16:15_13,,PromptData,CSN13,14,6,7,58.166666666666664,908.8571428571429,829.7842111587524,13.829736852645874
67503181-87a0-8007-9e1d-5c2822502713,R_2XmiljtIdMrez29,1733308801.713007,1733307540.0,0.3504758352703518,"
Transform these singular nouns into plural. If the noun has an article, keep the article in the plural form:

La kato.",,PromptData,CSN13,10,5,5,97.4,114.8,283.95491099357605,4.732581849892934
67502e4d-07d8-8007-b411-942a5247cab3,R_8ke2S4kDVBVL1Uh,1733307981.338344,1733307540.0,0.12259398447142707, My ID is 20599195_1000_13,,PromptData,CSN13,32,15,16,56.4,370.1875,737.2243909835815,12.287073183059693
6750608d-3fa8-8007-a391-af0f45cc81dd,R_2OHKRo95E2zVTs4,1733320845.576764,1733303400.0,4.845993545585208,my id is 04122024_1345_13,,PromptData,CSN13,56,27,28,65.81481481481481,61.035714285714285,880.2965860366821,14.671609767278035
675050b1-5354-8007-bf5e-a7de1941bcfe,R_2DF5GhNAPH77QBP,1733316785.565406,1733303400.0,3.718212612801128,My ID is 04122024_1230_13,,PromptData,CSN13,10,4,5,21.25,38.4,612.318027973175,10.205300466219585
67504251-2c10-8007-8d35-5cafaeaca939,R_2HIziCvvmMkEbhD,1733313105.40961,1733303400.0,2.6959471138980655,My ID is 04122024_11:51_13,,PromptData,CSN13,8,3,4,41.666666666666664,132.0,159.320818901062,2.655346981684367
674f34c6-d01c-8007-8455-f7bb971cf8a3,R_89diZZs7lga7B2g,1733244103.032931,1733216880.0,7.561953591969278,03122024_1642_13,,PromptData,CSN13,57,29,28,124.03448275862068,62.25,815.420746088028,13.5903457681338
674f21dc-fe1c-8007-b2a2-a253acf76e0b,R_2PFcYUuMpDh01rx,1733239261.964033,1733216880.0,6.217212231357892,My ID is 03122024_1500_13,,PromptData,CSN13,25,8,13,33.0,72.6923076923077,723.082494020462,12.051374900341035
674f125b-6e58-8007-9f57-e4c374e7ccdb,R_2WJg4JnAIbT0hy1,1733235291.692467,1733216880.0,5.1143590186039605, My ID is  03122024_1345_13,,PromptData,CSN13,21,9,11,69.66666666666667,719.6363636363636,478.8286030292511,7.980476717154185
674efdb5-9978-8007-bbc0-abfc0b195656,R_8KwJcaR3CJk3APN,1733230006.45547,1733216880.0,3.646237630579207,The bird flies. translate into Spain ,,PromptData,CSN13,28,14,14,129.78571428571428,261.14285714285717,794.976399898529,13.249606664975484
674eeef3-f4fc-8007-a164-373289bb2bd1,R_2FgOgiTJ061FD5U,1733226228.234544,1733216880.0,2.596731817788548,My ID is 03122024_1115_13,,PromptData,CSN13,66,30,33,36.03333333333333,371.09090909090907,799.7716751098633,13.329527918497721
674edb41-d378-8007-ac81-d6774480d5cf,R_88UlvdtDUiwvoFS,1733221186.265535,1733216880.0,1.19618487086561,My ID is 03122024_10:00_13,,PromptData,CSN13,20,9,10,31.77777777777778,185.0,617.99351978302,10.299891996383668
674da9f5-1754-8007-957e-8d3e9ec67d30,R_26LIfacJte64Zyx,1733143029.71393,1733112600.0,8.452698313858773,My ID is 02122024_1200_13,,PromptData,CSN13,4,1,2,25.0,32.5,5.941498041152954,0.09902496735254923
674861b0-3b10-8007-b71d-5cc92f8a90f9,R_2pWcpDrHA4jyEmY,1732796848.452823,1732770360.0,7.357903561923239,28112024_1200_13,,PromptData,CSN13,45,22,23,59.0,538.4782608695652,966.3738181591034,16.106230302651724
67518231-6c00-8005-adea-30729bd24064,R_2BrZk8otzM26jzV,1733394993.721643,1733390160.0,1.342700456380844,My ID is 05122024_1000_14,,PromptData,CSN14,6,2,3,50.5,609.0,51.32592296600342,0.8554320494333904
6751d75b-6688-8005-9e2e-663ac5ab1267,R_2s0jCpGmfrwMVRG,1733416795.65526,1733390160.0,7.398793127801683,My ID is 05122024_1600_14,,PromptData,CSN14,36,17,18,23.764705882352942,325.22222222222223,883.7482709884644,14.729137849807739
6751c74d-e404-8005-885f-89f319b7432f,R_2e4c3rxUN7f4BRO,1733412686.298655,1733390160.0,6.257305181953642,My ID is is 05122024_1500_14,,PromptData,CSN14,10,4,5,30.0,62.0,508.55929493904114,8.475988248984018
675099a5-2d78-8005-8f31-6b42411da49d,R_8LvXTcwwPYbpLs7,1733335461.37534,1733303400.0,8.905937594440248,04122024_1730_14,,PromptData,CSN14,12,6,6,28.0,312.6666666666667,196.63602900505066,3.2772671500841777
6750843d-fb48-8005-b676-24fdb8bae34a,R_8nVEHB67txukLji,1733329982.574333,1733303400.0,7.384048425820139,My ID is 04122024_1615_14,,PromptData,CSN14,24,11,12,30.09090909090909,316.8333333333333,763.0761790275574,12.717936317125956
67507287-e5a0-8005-af63-fd44550944d6,R_215kHwAnB8Gvxmg,1733325448.196442,1733303400.0,6.1244990116357805,My id is 04122024_1500_14,,PromptData,CSN14,4,1,2,25.0,39.5,6.938652038574219,0.11564420064290365
67506358-10c4-8005-992a-5488573a491b,R_2WZuiPRmZOrqqCl,1733321561.039603,1733303400.0,5.044733223054144,My ID is 04122024_1612_14.,,PromptData,CSN14,24,11,12,29.454545454545453,374.5,532.276360988617,8.871272683143616
67504fdd-e380-8005-9e57-7d2c2d334549,R_245wmAD38OnfyCi,1733316574.134695,1733303400.0,3.6594818597369723,My ID is 04122024_1249_14.,,PromptData,CSN14,8,3,4,45.666666666666664,229.75,930.4295380115509,15.507158966859182
67504189-7c74-8005-a28c-035875662958,R_8LUROFr3t42l1MK,1733312905.806784,1733303400.0,2.6405018844207127,01CSNUK2024! My ID is 041224_1115_14,,PromptData,CSN14,30,14,15,38.642857142857146,521.6,818.3662629127502,13.639437715212503
67502fcd-fbfc-8005-9cce-6735c7830e4a,R_28G0lkJQWfdyAKA,1733308367.273177,1733303400.0,1.3797981046968035,My ID is 04122024_1000_14,,PromptData,CSN14,16,7,8,49.142857142857146,797.625,578.5861010551453,9.643101684252422
674f4836-adfc-8005-9527-3ebb13c87708,R_8D14OuXeagRqtTn,1733249079.275044,1733216880.0,8.944243067767886,MY ID is 03122024_1804_14,,PromptData,CSN14,18,7,9,59.42857142857143,529.8888888888889,522.4234328269958,8.707057213783264
674f3477-b710-8005-adb3-8f50050a247a,R_8CHL4ajGlLr9VB1,1733244023.936588,1733216880.0,7.539982385569148,a,,PromptData,CSN14,21,10,11,28.5,155.0,1014.5074899196625,16.90845816532771
674f00ae-3648-8005-bba1-35a4c549ce40,R_8fKcljZ60M1sIz7,1733230766.502587,1733216880.0,3.8573618297444447,03122024_1230_14,,PromptData,CSN14,10,5,5,18.8,316.2,281.9155240058899,4.6985920667648315
674f22cc-b888-8005-ae01-e9b2a0106306,R_22KYHKhhombrM0y,1733239500.904313,1733216880.0,6.283584531413184,My ID is 03122024_15:00_14,,PromptData,CSN14,18,8,9,34.75,329.1111111111111,411.5708498954773,6.859514164924621
674eed44-ec0c-8005-877d-d9f1169339b8,R_8F2puAifmePTIbt,1733225797.251123,1733216880.0,2.477014200819863,My ID is 3_11.35_14,,PromptData,CSN14,144,72,72,35.09722222222222,350.93055555555554,9818.252545118332,163.63754241863887
674edc43-cd40-8005-a9b1-8059d74b6ddd,R_2qe5kzzAxCwDZ8R,1733221444.042857,1733216880.0,1.267789682481024,My ID is 20606627_1000_14,,PromptData,CSN14,2,1,1,25.0,59.0,1.321544885635376,0.022025748093922933
674da459-1424-8005-b712-9a1b27814535,R_8CFxANC85q5otax,1733141593.269803,1733112600.0,8.053686056401995,what is flies in esperanto,,PromptData,CSN14,76,38,38,30.342105263157894,190.39473684210526,1187.5174078941345,19.791956798235574
67486389-79f8-8005-88b4-ab4922b5cb23,R_2zNpXqyudCh2xpK,1732797321.707602,1732770360.0,7.489363222784466,28112024_1235_14,,PromptData,CSN14,12,6,6,51.333333333333336,288.0,554.2182960510254,9.236971600850422
6751d766-46d8-8012-a5d7-70aacb11a52a,R_2nCP6fCz6BaiK4V,1733416806.511666,1733390160.0,7.4018087961276375,My ID is 05122024_1640_15,,PromptData,CSN15,16,7,8,23.714285714285715,142.5,509.77441906929016,8.496240317821503
6751c42a-bfb8-8012-8659-7b78f79db409,R_2lSIHJiZh5RAj5b,1733411883.025981,1733390160.0,6.034173883597056, My ID is 01122024_1500_11 ,,PromptData,CSN15,52,24,26,119.20833333333333,109.92307692307692,1227.0109329223633,20.45018221537272
675181af-0dd8-8012-8965-63ce27d2189b,R_2l9OLVGr5pAePLu,1733394863.319208,1733390160.0,1.3064775577518675, My ID is 05122024_1000_15,,PromptData,CSN15,16,7,8,17.142857142857142,209.625,324.85948300361633,5.414324716726939
675062d1-e0e0-8012-ba15-df793ae65273,R_8V3o2j2VvZWK1QB,1733321426.921035,1733303400.0,5.00747806529204,“I’m learning about Esperanto nouns and their endings. Can you explain how plural nouns work?”,,PromptData,CSN15,32,14,16,149.0,722.375,940.8332369327545,15.680553948879242
67505d60-f930-8012-8f0d-f3b1d667560c,R_2G3qCkAjdj6mdC2,1733320033.227347,1733303400.0,4.620340929693646,generate a picture that a beautiful immortal ,,PromptData,CSN15,16,3,7,33.666666666666664,492.7142857142857,1437.5679969787598,23.959466616312664
67506105-82e0-8012-a877-4739ea06cc11,R_2IRUwPwxweseXfl,1733320965.704383,1733303400.0,4.8793623285823395,translate the man is quick to esperanto,,PromptData,CSN15,6,3,3,18.0,15.333333333333334,133.81552004814148,2.2302586674690246
6750943f-9ff0-8012-8822-5d7109720cea,R_89WctOcPECzzJVT,1733334079.906244,1733303400.0,8.52219617889987,esperanto,,PromptData,CSN15,50,24,25,44.416666666666664,371.84,1511.4558420181274,25.190930700302125
675087a2-a574-8012-945a-595f1aaeeb2d,R_8VWI4HezWPs2f05,1733330850.922424,1733303400.0,7.625256228910552,My ID is 04122024_1615_15,,PromptData,CSN15,12,5,6,32.2,189.83333333333334,251.36892294883728,4.189482049147288
6750750f-0f20-8012-b80b-9035766db89c,R_2JEZBTEcw4mJVlV,1733326095.310551,1733303400.0,6.304252930813366,My ID is 04122024_1500_15,,PromptData,CSN15,4,1,2,25.0,32.5,6.809068918228149,0.11348448197046916
67505457-b44c-8012-a342-746116ceb0e0,R_2yswPq1NyOcpelO,1733317719.8865,1733303400.0,3.977746249967151,04122024_1230_15,,PromptData,CSN15,4,2,2,22.0,406.5,44.069809913635254,0.7344968318939209
67505123-4af8-8012-9ec5-bf8dda049d8c,R_263X1Ks7mtHVRlT,1733316899.986021,1733303400.0,3.749996116956075,04122024_1230_15,,PromptData,CSN15,4,2,2,23.0,324.5,204.52351307868958,3.4087252179781595
67504123-b870-8012-83db-a7b7904ab247,R_2qfLDHU1z4vdd3H,1733312803.96392,1733303400.0,2.61221220003234,my ID is 04122024_1115_15,,PromptData,CSN15,26,12,13,30.083333333333332,472.9230769230769,918.9074828624725,15.315124714374543
67502e46-1074-8012-b7c2-417dcae3c523,R_2tTUHuDvHjbXP8t,1733307974.298054,1733303400.0,1.2706383483277426,04/12/24_1026_15,,PromptData,CSN15,64,32,32,38.78125,313.28125,1085.355581998825,18.089259699980417
674f446a-adb8-8012-b8cb-6fc1d66e7443,R_2tvddtksLge3ALn,1733248106.956826,1733216880.0,8.674154673881,english to esperanto translation,,PromptData,CSN15,72,34,37,23.0,120.45945945945945,1281.519973039627,21.35866621732712
674f3329-4194-8012-9a83-547749411f84,R_89Bwlcx2XpOk3Pb,1733243689.565667,1733216880.0,7.447101574142774,"my ID is 3rd december 2024, 4:15, #15",,PromptData,CSN15,45,23,22,29.73913043478261,362.3181818181818,1355.3915660381317,22.58985943396886
674f235d-f22c-8012-b608-dfed00500a43,R_2zvTybBZhdWqfbn,1733239646.113265,1733216880.0,6.323920351399316,My ID is 03122024_1500_15,,PromptData,CSN15,26,11,13,31.0,423.38461538461536,666.7336678504944,11.11222779750824
674f0e3a-b8dc-8012-aa78-aff7a8827b1e,R_2PdB73Bd0cNA4r7,1733234235.076829,1733216880.0,4.8208546747101675,My ID is 0312024_1345_15,,PromptData,CSN15,34,16,17,29.375,315.94117647058823,1077.9566760063171,17.965944600105285
674f002b-ee88-8012-8b17-5672b9ef05dc,R_8O9eUWpiRBkUktR,1733230636.631286,1733216880.0,3.821286468307177,my id is 03122024_1230_15,,PromptData,CSN15,40,19,20,45.8421052631579,142.35,974.5075161457062,16.24179193576177
674eec7e-6a48-8012-ac21-eca6682b8b07,R_8JEgbKUmkpulUMQ,1733225598.689259,1733216880.0,2.4218581275145215,My ID is 03122024_1115_15,,PromptData,CSN15,84,41,42,60.951219512195124,314.5238095238095,1429.7656371593475,23.829427285989127
674ede81-777c-8012-824a-284bd8fe1241,R_2Y9vpXaVZCTyoO9,1733222017.800261,1733216880.0,1.4271667391724057,help me to traslate english to esperanto langiuage,,PromptData,CSN15,32,16,16,94.9375,55.5,421.58192801475525,7.026365466912588
674da33b-b034-8012-8dd7-b7cd9fb964e4,R_86nbBmMxJXVn9Kr,1733141308.003455,1733212380.0,19.742221262521213,My ID is 20643527_1200_15,,PromptData,CSN15,36,17,18,118.52941176470588,1016.2777777777778,901.848984003067,15.030816400051117
67486167-eb50-8012-87b0-b6efa6917ac2,R_84CtwNacDxM9twD,1732796776.20983,1732770300.0,7.35450273056825,28112024_1200_15,,PromptData,CSN15,40,20,20,24.35,569.65,925.2694320678711,15.421157201131185
6751d914-a510-8013-a316-02a3ab996e4f,R_8eIDspwXcBH7Ny9,1733417236.891447,1733390160.0,7.521358735296461, My ID is 05122024_1647_16.,,PromptData,CSN16,25,13,12,136.92307692307693,331.8333333333333,618.3151111602783,10.305251852671306
6751c8b5-7a8c-8013-9be1-d660d8e4f65f,R_85UKRpwUwOPlU5P,1733413045.898548,1733390160.0,6.3571940410799455,My ID is 05122024_1500_#16,,PromptData,CSN16,3,1,1,26.0,140.0,2.894054889678955,0.04823424816131592
67517de8-96e8-8013-b686-58cbdd254615,R_2CJcdWpzksl6tEl,1733393896.834248,1733390160.0,1.0380095133516523,My Id is 05122024_1000_16,,PromptData,CSN16,10,5,5,44.6,469.8,380.59761214256287,6.343293535709381
675097d2-5e00-8013-b7cd-151571497557,R_2dp96aQ3samgVGo,1733334994.729569,1733303400.0,8.77631376915508,My ID is 04122024_1730_16,,PromptData,CSN16,14,7,7,89.14285714285714,260.85714285714283,581.146595954895,9.68577659924825
67508494-b510-8013-a467-b1eb79c20339,R_8eE3TRA88c2VZYK,1733330068.983863,1733303400.0,7.408051073087586,MY ID is 04122024_1615_16,,PromptData,CSN16,38,19,19,34.89473684210526,290.89473684210526,1066.112251996994,17.768537533283233
67507416-f6fc-8013-a8ee-6f7ae115468d,R_2RV6SEA3Y0y3iub,1733325847.209804,1733303340.0,6.252002723349465,My ID is 04122024_15:00_16,,PromptData,CSN16,16,8,8,45.25,612.0,867.2928879261017,14.454881465435028
67506171-9620-8013-9ed4-2eef0d4d8e43,R_81bB9caZ7BGY9t7,1733321073.943856,1733303340.0,4.926095515555805,My ID is 04122024_1404_16,,PromptData,CSN16,36,18,18,94.88888888888889,183.05555555555554,977.8142149448395,16.296903582413993
6750518b-6308-8013-bc44-01e138baf29b,R_8qIeaxATBQbZaXn,1733317003.671653,1733303340.0,3.7954643480645287,My ID is 04122024_1256_16,,PromptData,CSN16,46,23,23,23.347826086956523,360.4782608695652,804.3005080223083,13.405008467038472
67504306-7c74-8013-8e06-e22adbbde8bd,R_8dfQ4UdSxO0B6j8,1733313286.739785,1733303340.0,2.762983273598883,My ID is 04122024_1154_16,,PromptData,CSN16,6,3,3,31.0,113.33333333333333,352.5585949420929,5.875976582368215
67502bad-2a84-8013-810a-63e43d281ea1,R_8rDsBRl2L5BMCcx,1733307309.487792,1733303340.0,1.1026354977819655,the bird flies translate to Esperanto,,PromptData,CSN16,48,24,24,50.333333333333336,46.708333333333336,1680.459272146225,28.007654535770417
674f481f-2fbc-8013-83c7-ff537f724369,R_2PZZZlWYgPfkZYm,1733249055.370303,1733216880.0,8.937602861920993,My ID is 03122024_1730_16,,PromptData,CSN16,28,14,14,36.214285714285715,666.1428571428571,648.6314649581909,10.810524415969848
674f33b3-a94c-8013-8a64-c6d57d4c3d51,R_2CYFWEI2Jtmi0pj,1733243827.982117,1733216880.0,7.485550588038232,My ID is 03/12/24_16:36_16,,PromptData,CSN16,30,15,15,30.466666666666665,418.2,900.9717111587524,15.016195185979207
674f2642-1878-8013-86e8-de911110213f,R_8PgHiqSa1E67IN8,1733240386.483797,1733216880.0,6.529578832520379,My ID is 03122004_1500_16. ,,PromptData,CSN16,2,1,1,27.0,60.0,0.8436570167541504,0.01406095027923584
674f0f1a-bdd4-8013-add0-2f0d8ba99146,R_8mhdP6CyIU8WEgN,1733234459.048776,1733216880.0,4.883069104419814,My ID is 03122024_1345_16,,PromptData,CSN16,36,18,18,43.22222222222222,295.72222222222223,761.2644879817963,12.68774146636327
674f0072-bbe4-8013-8c53-894a492b8567,R_27st177KTqr6NU5,1733230706.977008,1733216880.0,3.8408269466956457,My ID is 03122024_1230_16,,PromptData,CSN16,22,11,11,44.72727272727273,403.27272727272725,805.9908301830292,13.433180503050487
674eed5d-c0a8-8013-8c85-637b49e17a57,R_2gF4x1YB5DztTmV,1733225822.618015,1733216880.0,2.4840605597363576,My ID is 03122024 _11:15_16,,PromptData,CSN16,35,16,17,62.0,867.9411764705883,742.5732681751251,12.376221136252086
674eddfa-88ec-8013-b8d0-1bd24cee2b97,R_2eysZM5c8d7f1xT,1733221883.537607,1733216880.0,1.389871557487382,My ID is date_time_computer number,,PromptData,CSN16,16,7,8,39.142857142857146,452.625,304.9444100856781,5.082406834761302
67486288-3f38-8013-bd0c-101cc1692241,R_2QLMZo8ihSAYAbl,1732797064.548313,1732770000.0,7.517930086917348,28112024_1200_16,,PromptData,CSN16,18,9,9,28.555555555555557,402.55555555555554,666.3851008415222,11.106418347358703
67518181-d288-8008-86e1-b883e957268e,R_8YxM21dWOy52cIV,1733394818.072759,1733390160.0,1.2939090996980667, My ID is 01122024_1000_17,,PromptData,CSN17,4,1,2,26.0,41.0,5.28322696685791,0.08805378278096516
6751d622-5e60-8008-9f27-4fa8a6609445,R_2LvxqPv2vr55MN9,1733416482.557736,1733390160.0,7.311821593311098,My ID is 05122024_1615_17,,PromptData,CSN17,52,25,26,27.96,436.2692307692308,1369.7642669677734,22.829404449462892
6751c410-6dbc-8008-8b11-eddcaeeab736,R_2pmbN49kWzDBJXH,1733411856.767489,1733390160.0,6.026879858043459,"I am learning about Esperanto, verb should end with as. so what is fly in Esperanto?",,PromptData,CSN17,24,12,12,32.666666666666664,339.5,1055.7856001853943,17.59642666975657
67518181-ebcc-8008-8713-202feec43ad6,R_8HhjOWYe51N2WJE,1733394818.122515,1733390160.0,1.2939229208230971, My ID is 01122024_1000_17,,PromptData,CSN17,22,9,11,31.22222222222222,391.09090909090907,367.52841091156006,6.125473515192668
67506d12-5a28-8008-b8a3-07643b4d8db9,R_82DuR70WJdriOVb,1733324050.601891,1733303340.0,5.752944969733556,hol,,PromptData,CSN17,2,1,1,3.0,1224.0,7.292346000671387,0.12153910001118978
67506445-6908-8008-bf40-738389895c63,R_83xLgfZ2z7JLH2y,1733321797.659798,1733303340.0,5.127127721640798,My ID is 04122024_1345_17,,PromptData,CSN17,4,1,2,25.0,40.5,2.6801559925079346,0.04466926654179891
675096bb-28d0-8008-adda-e851efd014d3,R_84A8w0JG0W89gmf,1733334715.41864,1733303340.0,8.715394066638417,My ID is 04122024_1730_17,,PromptData,CSN17,14,6,7,29.0,221.14285714285714,664.841637134552,11.080693952242534
67508665-0278-8008-939e-20c11639e4cf,R_81AIFSLQHsUCNi3,1733330533.457708,1733303340.0,7.553738252189424,My ID is date_time_computer number,,PromptData,CSN17,10,5,5,47.4,836.4,545.5288619995117,9.092147699991862
675074e6-8254-8008-8891-2c00a08c69b5,R_8v6oO1eP7AcfP4x,1733326054.702777,1733303340.0,6.309639660252465,my ID is 04122024_1527_17 ,,PromptData,CSN17,24,11,12,31.90909090909091,226.16666666666666,520.0077769756317,8.666796282927196
675050af-f084-8008-8ebd-1a1de1ad32ed,R_8v0AcsCq2zXBM0F,1733316784.195332,1733298960.0,4.951165370013979,My ID is 04122024_1230_17,,PromptData,CSN17,42,20,21,48.75,660.047619047619,1034.2926869392395,17.238211448987325
675040dc-e91c-8008-9786-ede500e1b96c,R_8U77vJOASXce58t,1733312733.825154,1733298960.0,3.826062542796135,my id is 01122024_1500_11,,PromptData,CSN17,8,3,4,44.666666666666664,201.75,494.75942397117615,8.245990399519602
67502daf-8470-8008-be19-091cb20753e8,R_2EdCYtLJjEvCFc5,1733307824.423347,1733298960.0,2.4623398186100856,My ID is 04122024_1023_17,,PromptData,CSN17,18,8,9,40.625,263.0,592.3396039009094,9.872326731681824
674f44c9-0bac-8008-9326-dd0d9c9772b8,R_25TkblYxkdHeiOd,1733248201.267747,1733216880.0,8.70035215192371,My ID is 03122024_1730_17,,PromptData,CSN17,10,4,5,60.5,511.8,202.68402886390686,3.378067147731781
674f3849-26e8-8008-84c1-a2210f38a1fc,R_8WWnc9Is93S4kpj,1733245001.543515,1733216880.0,7.8115398652686014,My ID is 03122024_1615_17,,PromptData,CSN17,4,1,2,25.0,40.5,241.15769290924072,4.019294881820679
674f248f-c2e0-8008-aebd-de781e5a8c92,R_81MglybDTZob0p7,1733239951.945915,1733216880.0,6.4088738652732635,my id is 20533101_15:32_17 ,,PromptData,CSN17,25,10,13,93.2,811.5384615384615,453.64541602134705,7.560756933689118
674f104d-7da4-8008-ae29-91ff20c4c3be,R_2VsReUn0ISSgfQX,1733234765.849245,1733216880.0,4.96829145696428,My ID is 03122024_1345_17,,PromptData,CSN17,20,9,10,28.444444444444443,415.9,967.150444984436,16.119174083073933
674efdda-6028-8008-af5e-2be83ad87939,R_2kYLjsIHMGF2tTt,1733230042.605212,1733212380.0,4.906279225548109,what is infinitive,,PromptData,CSN17,2,1,1,18.0,842.0,0.5294899940490723,0.008824833234151204
674f00d0-b794-8008-a2ba-d8837b71519f,R_2fUCZukoRaAwccp,1733230801.031833,1733212380.0,5.116953286925952,My ID is 03122024_1230_17,,PromptData,CSN17,8,3,4,47.666666666666664,114.0,724.1470999717712,12.069118332862853
674eef4d-6888-8008-857f-941cb97d577a,R_8AYBy6yORKqy0da,1733226318.184048,1733212380.0,3.87171779109372,My ID is 20544082_1145_17,,PromptData,CSN17,28,12,14,39.166666666666664,637.6428571428571,637.3545069694519,10.622575116157531
674edca9-116c-8008-9edf-d11899a125ae,R_2mBZtJ2rmOxmT2p,1733221545.364851,1733212380.0,2.5459346808327568,My ID is 03122024_1000_17,,PromptData,CSN17,16,7,8,23.857142857142858,806.75,635.5230031013489,10.592050051689148
674da5d4-4be8-8008-8dad-c3881fa4cd6c,R_2GvtngzOCpqBPJ8,1733141972.476677,1733212380.0,19.55764536751641,My ID is 02122024_1200_17,,PromptData,CSN17,13,5,7,31.6,421.57142857142856,389.27601408958435,6.487933568159739
6748612d-c46c-8008-9a1e-0269d57a4fb1,R_8QFMPfV7dJ2oMeM,1732796717.980413,1732770000.0,7.421661225822237,fartas in esperanto means,,PromptData,CSN17,4,2,2,20.5,930.5,862.1205673217773,14.368676122029623
6751d873-96a8-8008-a582-db1654bcc950,R_8LgR0asMWy2SeqR,1733417075.803214,1733390160.0,7.476612003909217,my id is 05122024_1615_18,,PromptData,CSN18,20,9,10,30.22222222222222,494.9,643.7744488716125,10.729574147860209
6751c4e2-9e7c-8008-ade1-815668b77369,R_233TAD0LQmtYBQW,1733412066.869837,1733390160.0,6.0852416214015745,My ID is 05122024_1500_18,,PromptData,CSN18,16,7,8,30.857142857142858,244.875,591.4877939224243,9.858129898707071
675182e8-8934-8008-ba8d-99b92caa557a,R_8BXfzDlyRcERJQq,1733395176.801105,1733385240.0,2.7602225291728972,My ID is 05122024_1038_18,,PromptData,CSN18,4,1,2,25.0,40.5,3.789811849594116,0.0631635308265686
67506550-fd24-8008-83e4-989c090969d0,R_8KxrmcFnsbJgpIl,1733322065.172697,1733298960.0,6.418103526963128,give me a list of basic words in esperanto,,PromptData,CSN18,2,1,1,42.0,1738.0,30.323879957199097,0.5053979992866516
67502faa-4a14-8008-bc6e-3a8c165294e2,R_2TXE0BIgESmAg4J,1733308330.857893,1733298960.0,2.6030160813861425,My ID is 04122024_1000_18,,PromptData,CSN18,32,11,11,29.0,5613.909090909091,704.1751890182495,11.736253150304158
675084c9-3fb4-8008-b912-57ae483321b2,R_8vdr5UcOkD9CHCN,1733330121.556614,1733298960.0,8.655987948311699,My ID is 04122024_1615_18,,PromptData,CSN18,28,13,14,53.92307692307692,684.2857142857143,993.9228229522705,16.565380382537843
67507312-4acc-8008-b57c-6a588a56f33e,R_25Bp6o4vQbXHwER,1733325586.943207,1733298960.0,7.396373113062647,My ID is 04122024_1520_18,,PromptData,CSN18,32,15,16,32.333333333333336,386.0625,837.1432437896729,13.952387396494547
67505f34-e510-8008-b48c-c492399446cb,R_2gRcoUxLrZQMxnr,1733320501.157042,1733298960.0,5.983654733896255,what is the infinitive in language,,PromptData,CSN18,33,16,17,20.5625,388.1764705882353,1108.8264918327332,18.48044153054555
67505069-1d8c-8008-a9b8-0ac732c5f8e3,R_2EF42HDgtOQxAiI,1733316713.380575,1733298960.0,4.931494604150454,My ID is 041224_1230_18,,PromptData,CSN18,34,15,17,46.6,518.1764705882352,1129.130578994751,18.81884298324585
675040fe-c13c-8008-b921-c98f4888a5c1,R_8CH7n2cpb4EKbOE,1733312767.013256,1733385240.0,20.13138520664639,My ID is 04122024_1145_18,,PromptData,CSN18,34,16,17,127.5625,341.5882352941176,731.1511089801788,12.185851816336314
674f4317-c830-8008-a1af-6abdffb1b9de,R_8CCln2gYZud42KR,1733247768.550002,1733212380.0,9.83015277836058,"hey chat, i need your help ",,PromptData,CSN18,69,33,35,100.12121212121212,402.45714285714286,1968.2244348526,32.80374058087667
674f3403-4e30-8008-9aa5-afd019d4ae24,R_8MGQaEqOF8QApMJ,1733243907.532412,1733212380.0,8.75764789223671,My ID is 03122024_1615_18,,PromptData,CSN18,20,9,10,40.44444444444444,1379.4,1118.8045599460602,18.64674266576767
674f10a4-9900-8008-b1c5-7190f81aa209,R_84NMlZE02dmkZ4U,1733234853.594775,1733212380.0,6.242665215267076,My ID is 20181164_03/12/24_13:45_18,,PromptData,CSN18,2,1,1,35.0,64.0,1.4800009727478027,0.024666682879130045
674f017c-4e30-8008-a233-64ac198ef8c7,R_2z6LN6REC1XoOel,1733230973.005296,1733212380.0,5.164723693331083,My ID is 03122024_1302_18,,PromptData,CSN18,16,8,8,25.25,299.375,635.3412959575653,10.589021599292755
67486246-f4a4-8008-b99e-4ba7578e3710,R_2Hwyebe3i3gTbrC,1732796999.252502,1732770000.0,7.499792361656825,28/11/2024_12:29_#18,,PromptData,CSN18,22,10,11,17.9,639.1818181818181,735.7586209774017,12.262643682956696
6751c42b-acd4-8010-9cce-5c945ce8ced9,R_8UCNt86gvYKsDE5,1733411883.874476,1733385240.0,7.401076243321101,My ID is 5 December_1500_#19,,PromptData,CSN19,6,3,3,35.0,435.3333333333333,172.80718183517456,2.8801196972529093
67517f0f-a154-8010-adc4-0af2eb622e66,R_8oSd4LTkRUXYFHq,1733394192.032703,1733385240.0,2.486675750811895,My ID is 05122024_1000_19,,PromptData,CSN19,26,13,13,32.69230769230769,430.0,818.6339728832245,13.643899548053742
674f353c-c7dc-8010-9a22-460304d7326e,R_802fCB8KoHpSeSF,1733244221.04282,1733212380.0,8.844734116660224,My ID is 03122024_16:15_19,,PromptData,CSN19,26,13,13,27.076923076923077,612.3846153846154,975.8930180072784,16.26488363345464
674f2334-de2c-8010-8670-ff528e101311,R_8mGnGEa2qmKjUI1,1733239605.490724,1733212380.0,7.5626363122463225,MY Id is 13122024_15:26_19,,PromptData,CSN19,44,21,23,48.80952380952381,28.391304347826086,780.6688079833984,13.011146799723308
674f1176-7914-8010-9631-724d2b0fcb56,R_8bW8fbTSkaXFBzi,1733235062.744232,1733212380.0,6.30076228664981,My ID is 03122024_1345_19,,PromptData,CSN19,54,27,27,42.55555555555556,309.81481481481484,761.4039268493652,12.69006544748942
674f01a0-7578-8010-ba47-7fe2dd5b82c4,R_8ZPp5KrTrfpshfo,1733231008.905484,1733212380.0,5.174695967766974,My ID is 03122024_12:30_19,,PromptData,CSN19,18,9,9,66.0,177.66666666666666,504.1227011680603,8.402045019467671
674eee23-076c-8010-b208-c81bf28ab968,R_8sRy0BneNZqiLG3,1733226019.340545,1733212380.0,3.7887057069275114,My ID is 03122024_1140_19,,PromptData,CSN19,20,10,10,52.1,704.2,638.7168838977814,10.645281398296357
674eda4e-41c0-8010-9583-36e64d4c1fba,R_8zkeKq8Eswo6WGC,1733220942.69296,1733212380.0,2.3785258222288554, My ID is 03122024_1015_19. ,,PromptData,CSN19,74,36,38,36.05555555555556,528.8421052631579,1001.8613460063934,16.697689100106558
674da571-906c-8010-9401-3ca592632661,R_8g0k8alCGahCRUv,1733141873.676369,1733212380.0,19.585089897513388,My ID is 02122024_1217_19,,PromptData,CSN19,18,9,9,145.77777777777777,331.22222222222223,827.0865700244904,13.78477616707484
674860f8-0e94-8010-89d3-593f9d906f5f,R_8DfAtmXCuZTtuMh,1732796664.253437,1732770000.0,7.406737065845066,28112024_12:00_19.,,PromptData,CSN19,44,22,22,23.681818181818183,861.8636363636364,1065.9149100780487,17.76524850130081
674f45cf-cab0-8009-aad7-11d49823384c,R_8l4EJcdUD1yOCw9,1733248464.073081,1733212380.0,10.023353633615706,My ID is 3/12/24_17:54_2,,PromptData,CSN2,30,14,15,55.5,762.4,1281.2267529964447,21.35377921660741
674f3609-7e10-8009-b714-ddc016967758,R_8Kxu5OcvjCpzEiP,1733244426.074824,1733212380.0,8.901687451137438,My ID is 03122024_1646_3,,PromptData,CSN2,31,15,15,30.333333333333332,146.13333333333333,674.2395570278168,11.237325950463612
674f2385-86e0-8009-b2a7-77faa572cdbb,R_8FUPNEUM1UuXrwt,1733239685.770726,1733212380.0,7.584936312768194,verbs in Esperanton.,,PromptData,CSN2,18,9,9,45.22222222222222,729.1111111111111,523.5153241157532,8.72525540192922
674f104f-1b5c-8009-bdbd-b8305dc3e2fc,R_8dvYAmBhsjKNEmB,1733234767.387379,1733212380.0,6.218718716369735,My ID is 03122024_1500_11 and hit enter3,,PromptData,CSN2,52,24,26,26.041666666666668,309.0769230769231,902.2467169761658,15.037445282936096
674efdd0-5c64-8009-ba48-72d79c894da9,R_2jdjrFV67KVDqDT,1733230032.774108,1733212380.0,4.9035483633147345,what is the verb love in eperanto,,PromptData,CSN2,69,33,35,41.36363636363637,127.45714285714286,881.3639159202576,14.689398598670959
674ee98f-66c4-8009-b156-601409bef13c,R_2ydZHcrhe4nEmv7,1733224847.63165,1733212380.0,3.4632310138808355,Hello,,PromptData,CSN2,12,5,6,24.6,230.33333333333334,636.8509027957916,10.614181713263195
674eedec-063c-8009-bd78-c0adc0d37838,R_8qdJ5jTVr6nmTw9,1733225964.262338,1733212380.0,3.773406204978625,My ID is 03122024_1115_02,,PromptData,CSN2,56,27,28,43.74074074074074,251.82142857142858,1071.7782900333405,17.862971500555673
674eda77-ed70-8009-a559-1b3a655d0301,R_8En0jGtCK6qhjAG,1733220984.378766,1733212380.0,2.39010521279441,My ID is 03122024_10:00_2,,PromptData,CSN2,26,12,13,30.666666666666668,112.92307692307692,1187.5235891342163,19.792059818903606
674da4e4-ee00-8009-9d26-98c351663e12,R_8n3mh8IEdAZm92a,1733141733.37054,1733212380.0,19.624063738915655,My ID is 2122024_12:15_2,,PromptData,CSN2,69,33,35,27.818181818181817,126.97142857142858,1118.9191272258759,18.648652120431265
67486406-1674-8009-8962-1cf4e5beddc6,R_2XigCBgFKhjZpsZ,1732797446.511191,1732770000.0,7.6240308863586845,28/11_12:37_2,,PromptData,CSN2,2,1,1,13.0,311.0,0.8131213188171387,0.013552021980285645
674f465c-fa58-8005-a894-dca15fd44a29,R_8purCG9oK68vkZP,1733248606.231972,1733212380.0,10.06284221443865,My ID is 03122024_1730_20,,PromptData,CSN20,2,1,1,25.0,37.0,4.45945405960083,0.0743242343266805
674f0155-3814-8005-83c1-f9839e761850,R_8aykUkVkxS42AzP,1733230934.56496,1733212380.0,5.154045822223027,03122024_12:30_20,,PromptData,CSN20,10,5,5,21.4,551.6,724.8191130161285,12.080318550268808
674f32df-aae8-8005-a63b-212b5ac98964,R_8gTKgPiy6VtiYE8,1733243615.997194,1733212380.0,8.676665887236595,My ID is 03122024_1615_20,,PromptData,CSN20,42,21,21,44.0,440.0952380952381,866.3555979728699,14.439259966214498
674f22c4-6c88-8005-b2f7-9dc93c08ee41,R_8ibzjBsWILCadnN,1733239492.587566,1733212380.0,7.531274323860805,My ID is 03122024_1500_20,,PromptData,CSN20,13,6,7,51.0,505.0,542.8448419570923,9.047414032618205
674f0e23-f450-8005-8359-8542ad9368bc,R_87g7p1EZQ2WQXux,1733234212.683819,1733212380.0,6.064634394182099,My ID is 03122024_1145_20,,PromptData,CSN20,62,31,31,43.38709677419355,529.9354838709677,1217.8752541542053,20.297920902570088
674eed2c-3014-8005-bb36-5940bcaee158,R_2YlCRgd0scw99IQ,1733225773.763895,1733212380.0,3.7204899708429973,My ID is 3rd Decmber 11:15 20,,PromptData,CSN20,16,8,8,35.875,320.25,587.5152850151062,9.791921416918436
6748609d-6294-8007-8fbf-e4d175374104,R_8D5KwPx5XPc9GYQ,1732796573.54373,1732770000.0,7.3815399250057006,28112024_1222_3 ,,PromptData,CSN3,56,28,28,47.92857142857143,340.5357142857143,1127.2578489780426,18.78763081630071
674860b4-2380-8008-afed-44c8bea888d2,R_20CxBqgqJ59Eu3d,1732796596.292043,1732770000.0,7.387858900825183,28112024_1223_6,,PromptData,CSN6,32,16,16,20.75,1669.5,1128.0362010002136,18.80060335000356
6748614a-0b18-800c-bf63-bc944421acf4,R_8OZracgEpS49sLU,1732796746.240263,1732770000.0,7.429511184162564,28112024_1225_7,,PromptData,CSN7,10,4,5,27.5,305.4,979.690701007843,16.328178350130717
67486110-e1e0-8012-a588-e06edc3812fd,R_2s1tFz3SFNk5sIG,1732796689.141545,1732770000.0,7.413650429182582,28112024_1200_8,,PromptData,CSN8,36,18,18,29.38888888888889,284.3888888888889,989.1451890468597,16.485753150780997
6748628a-b840-8008-9a30-c50cd377cdb2,R_8OrTyyQxUapiN2h,1732797067.031479,1732770000.0,7.518619855244954,28112024_1200_12,,PromptData,CSN9,23,10,12,27.9,491.25,634.4456269741058,10.574093782901764
