ResponseId,conversation_id,old_UserID,new_UserID,id_source,first_message,survey_time,conv_time,survey_conv_diff_hours,id_survey_diff_hours,id_conv_diff_hours,extracted_ids_count,current_MatchMethod,data_status
R_2YrX7B6LLgDiXaH,674f00a7-21ec-8008-9857-714f03272028,6,03122024_1000_6,extracted_from_message,My #6 is 03122024_1000_6,2024-11-28 02:57:00,2024-12-03 12:59:20.094348,130.03891509665382,127.05,2.9889150966666667,2,ExplicitID,Complete
R_81h5GKDmEdrx0GJ,6751c42b-acd4-8010-9cce-5c945ce8ced9,5,5,extracted_from_message,My ID is 5 December_1500_#19,2024-11-28 05:00:00,2024-12-05 15:18:03.874476,178.3010762433211,,,1,ExplicitID,Complete
R_89xi5k2HqzeKlxL,674edcce-a6e4-8005-a6a2-e9755d883f79,03122024,03122024_1000_5,extracted_from_message,My ID is 03122024_1000_5.,2024-12-03 02:26:00,2024-12-03 10:26:23.132548,8.006425707803832,7.566666666666666,0.43975904111111114,3,Timestamp,Complete
R_8fTvMMXoB939sBz,674efe52-5750-800d-87ba-926471fc38cd,3,3rd,extracted_from_message,MyType the following: My ID is 3rd December 2024_12:30_21,2024-12-03 04:12:00,2024-12-03 12:49:22.612163,8.62294782307413,,,1,ExplicitID,Duplicate
R_82tVJx9okB5OKA1,674f235d-f22c-8012-b608-dfed00500a43,03122024,03122024_1500_15,extracted_from_message,My ID is 03122024_1500_15,2024-12-03 05:21:00,2024-12-03 15:27:26.113265,10.10725368473265,9.65,0.4572536847222222,3,Timestamp,Duplicate
R_8jgEcFv6MClM2it,674f3527-9c50-8002-9cac-4adaacd30e53,03,03122024_1643_11,extracted_from_message,My ID is 03/12/2024 16:43 11,2024-12-03 06:37:00,2024-12-03 16:43:19.864798,10.105517999463611,10.1,0.005517999444444445,3,Timestamp,Duplicate
R_28hngkufX8Dcjgl,67486406-1674-8009-8962-1cf4e5beddc6,28,2811_time_1237_2,extracted_from_message,28/11_12:37_2,2024-12-03 10:25:00,2024-11-28 12:37:26.511191,117.79263578030798,117.8,0.007364219722222222,1,ExplicitID,Complete
R_2ckqOJsblpXwZZ4,67502d32-64bc-8008-891e-4e2775be04c0,04122024,04122024_1000_6,extracted_from_message,My ID is 04122024_1000_6,2024-12-04 02:27:00,2024-12-04 10:21:38.562586,7.910711829463641,7.55,0.36071182944444447,3,Timestamp,Complete
R_2ZOtvsPWKQqsdj3,675040fe-c13c-8008-b921-c98f4888a5c1,04122024,04122024_1145_18,extracted_from_message,My ID is 04122024_1145_18,2024-12-04 04:11:00,2024-12-04 11:46:07.013256,7.585281460020277,7.566666666666666,0.018614793333333334,3,Timestamp,Duplicate
R_2ESbMx5RFZUw13Z,675065a4-9a50-800c-b683-9fd988913792,01122024,01122024_1500_11,extracted_from_message,My ID is 01122024_1500_11,2024-12-04 05:27:00,2024-12-04 14:22:28.901749,8.92469493024879,62.45,71.37469493027778,3,Timestamp,Duplicate
R_2XLJYIle88EM7Hb,6750849d-6f38-8010-b76a-d31d6ef8fe23,04122024,04122024_1645_19,extracted_from_message,My ID is 04122024_1645_19,2024-12-04 06:36:00,2024-12-04 16:34:37.764211,9.977156725260947,10.15,0.17284327472222222,3,Timestamp,Duplicate
R_2S8NBgTZocTf6yt,675182e0-a754-8007-8933-bc5527c1374b,05122024,05122024_1039_03,extracted_from_message,My ID is 05122024_1039_03,2024-12-05 02:39:00,2024-12-05 10:39:28.843965,8.008012212514878,8.0,0.008012212500000001,3,Timestamp,Complete
R_2gzI0KuYqLGPkOj,674da6bc-454c-8008-8335-b38c2f28eb29,02122024,02122024_1222_06,extracted_from_message,My ID is 02122024_1222_06,2024-12-02 04:09:00,2024-12-02 12:23:24.454092,8.24012613667382,8.216666666666667,0.02345947,3,Timestamp,Complete
R_24ArDOMEaUdCL2V,674eedb3-e298-8012-8120-a79c53300be4,03122024,03122024_1138_8,extracted_from_message,My ID is 03122024_1138_8,2024-12-03 02:26:00,2024-12-03 11:38:28.168408,9.207824557754728,9.2,0.007824557777777777,3,Timestamp,Duplicate
R_82FkHZiUiHzbz3P,674efdda-6028-8008-af5e-2be83ad87939,03122024_0412_Derived,03122024_1247,generated_from_conv_time,what is infinitive,2024-12-03 04:12:00,2024-12-03 12:47:22.605212,8.589612558881441,,,0,Timestamp,Complete
R_8wouM6jVALkKe4A,674f220f-3ff4-800d-8765-1f3c71acedc1,03122024,03122024_1500_21,extracted_from_message,My ID is 03122024_1500_21,2024-12-03 05:21:00,2024-12-03 15:21:51.637941,10.014343872467677,9.65,0.3643438725,3,Timestamp,Duplicate
R_81Bk3vIbvTNt5lP,67502ba7-b380-8007-95f3-66c7c7d6cf72,04122024_0227_Derived,04122024_1015,generated_from_conv_time,esperento in cantonese?,2024-12-04 02:27:00,2024-12-04 10:15:03.877396,7.801077054474089,,,0,Timestamp,Complete
R_2s5stVU4dWQng0B,675040dc-e91c-8008-9786-ede500e1b96c,04122024_0411_Derived,01122024_1500_11,extracted_from_message,my id is 01122024_1500_11,2024-12-04 04:11:00,2024-12-04 11:45:33.825154,7.576062542796135,61.18333333333333,68.75939587611111,3,Timestamp,Complete
R_20ocwvS27vKryap,67506d12-5a28-8008-b8a3-07643b4d8db9,04122024_0527_Derived,04122024_1454,generated_from_conv_time,hol,2024-12-04 05:27:00,2024-12-04 14:54:10.601891,9.452944969733556,,,0,Timestamp,Complete
R_8Djw6UCuYNSPiAk,675086fe-b310-8012-9cb1-675da8e3d5b9,04122024,04122024_1615_08,extracted_from_message,My ID is 04122024_1615_08,2024-12-04 07:56:00,2024-12-04 16:44:46.844868,8.813012463317976,8.316666666666666,0.4963457966666666,3,Timestamp,Duplicate
R_8b3L27gHvUqzP3I,67517f0f-a154-8010-adc4-0af2eb622e66,05122024,05122024_1000_19,extracted_from_message,My ID is 05122024_1000_19,2024-12-05 02:39:00,2024-12-05 10:23:12.032703,7.736675750811894,7.35,0.38667575083333333,3,Timestamp,Duplicate
R_2c5i0dIWVTvRs5I,6751d4e7-f9c0-800c-9482-10d192afdc24,05122024_0754_Derived,05122024_1629,generated_from_conv_time,present - as,2024-12-05 07:54:00,2024-12-05 16:29:28.164658,8.59115684946378,,,0,Timestamp,Complete
R_2qfFvfpxeUcrT20,674da5ff-c5e0-8007-b3c9-5faf7fdd3d94,02122024_0409_Derived,021220241202003,extracted_from_message,my id is 021220241202003,2024-12-02 04:09:00,2024-12-02 12:20:16.019932,8.187783314453231,,,1,Timestamp,Complete
R_2rPhW2e1PRPslJC,674edb41-d378-8007-ac81-d6774480d5cf,03122024,03122024_1000_13,extracted_from_message,My ID is 03122024_10:00_13,2024-12-03 02:26:00,2024-12-03 10:19:46.265535,7.89618487086561,7.566666666666666,0.32951820416666666,2,Timestamp,Duplicate
R_8cvpscYIiHvnK6d,674efdb5-9978-8007-bbc0-abfc0b195656,03122024_0412_Derived,03122024_1246,generated_from_conv_time,The bird flies. translate into Spain ,2024-12-03 04:12:00,2024-12-03 12:46:46.455470,8.57957096391254,,,0,Timestamp,Duplicate
R_2D2BmKGPSZ4c6tP,674f21c0-4024-800c-a189-bf292626595b,20620225,03122024_1520_22,extracted_from_message,my ID is 20620225 03/12/24 _ 15:20 _ #22,2024-12-03 05:21:00,2024-12-03 15:20:32.593764,9.992387156685194,9.983333333333333,0.009053823333333334,2,Timestamp,Complete
R_8pR68CZX9jwGlcB,674f353c-c7dc-8010-9a22-460304d7326e,03122024,03122024_1615_19,extracted_from_message,My ID is 03122024_16:15_19,2024-12-03 06:37:00,2024-12-03 16:43:41.042820,10.111400783326891,9.633333333333333,0.47806744999999995,2,Timestamp,Duplicate
R_8aXll9OJMOYXbWX,67502ba9-fc50-8008-8521-2c82152c180e,04122024_0227_Derived,04122024_1015,generated_from_conv_time,summarise esperanto basics,2024-12-04 02:27:00,2024-12-04 10:15:06.394666,7.801776296099027,,,0,Timestamp,Duplicate
R_20ASZea1i6dqWav,6750423c-05f0-8005-84ba-4853487a15a3,04122024,04122024_1151_5,extracted_from_message,my ID is 04122024_1151_5,2024-12-04 04:11:00,2024-12-04 11:51:24.265536,7.673407093352742,7.666666666666667,0.006740426666666667,3,Timestamp,Duplicate
R_2L0LaQIyGQQS3Nn,67507252-7ab8-8012-9732-83c4ada4ad9d,04122024,04122024_1500_08,extracted_from_message,My ID is 04122024_1500_08,2024-12-04 05:27:00,2024-12-04 15:16:34.693218,9.826303671664661,9.55,0.2763036716666667,3,Timestamp,Duplicate
R_81zlNjOWPsunbSb,6750843d-fb48-8005-b676-24fdb8bae34a,04122024,04122024_1615_14,extracted_from_message,My ID is 04122024_1615_14,2024-12-04 06:36:00,2024-12-04 16:33:02.574333,9.950715092486805,9.65,0.3007150925,3,Timestamp,Duplicate
R_8zUO0XOn1Kc2J3y,67508755-33bc-8009-83e4-1017074bd3e3,04122024_0756_Derived,04122024_1615_2,extracted_from_message,04122024_1615_2,2024-12-04 07:56:00,2024-12-04 16:46:13.468386,8.837074551648564,8.316666666666666,0.520407885,2,Timestamp,Complete
R_2eqLNDOiR7OyOkn,67518181-ebcc-8008-8713-202feec43ad6,01122024,01122024_1000_17,extracted_from_message, My ID is 01122024_1000_17,2024-12-05 02:39:00,2024-12-05 10:33:38.122515,7.910589587489764,88.65,96.5605895875,3,Timestamp,Duplicate
R_2tUCajmH0ebSFG1,6751c74d-e404-8005-885f-89f319b7432f,05122024_0754_Derived,05122024_1500_14,extracted_from_message,My ID is is 05122024_1500_14,2024-12-05 07:54:00,2024-12-05 15:31:26.298655,7.623971848620309,7.1,0.5239718486111111,3,Timestamp,Duplicate
R_8E0sByifjmJ043l,67502e46-1074-8012-b7c2-417dcae3c523,04,04122024_1026,generated_from_conv_time,04/12/24_1026_15,2024-11-28 02:57:00,2024-12-04 10:26:14.298054,151.4873050149944,,,0,ExplicitID,Complete
R_8diye1R5UeA6slb,674da5cb-aa6c-8005-9570-baef5e4d7f23,02122024_1200,date,extracted_from_message, My ID is date 02/12/24 time 12:00 computer number 5,2024-12-02 04:09:00,2024-12-02 12:19:26.443591,8.174012108643849,,,1,Timestamp,Complete
R_8esp0TKphxWLke6,674edd59-9780-8008-9b59-8816b3d6a405,03122024,03122024_1000_09,extracted_from_message,My ID is 03122024_1000_09,2024-12-03 02:26:00,2024-12-03 10:28:41.771127,8.044936424162653,7.566666666666666,0.4782697575,3,Timestamp,Duplicate
R_8XRI5kn1eFa62WJ,674ef11a-ec08-8005-ba47-c32a2918994c,03122024_0412_Derived,03122024_1152,generated_from_conv_time,what is ili esperanto,2024-12-03 04:12:00,2024-12-03 11:52:59.202898,7.6831119161181975,,,0,Timestamp,Duplicate
R_8dGFj5u4Veh5J2I,674f21dc-fe1c-8007-b2a2-a253acf76e0b,03122024,03122024_1500_13,extracted_from_message,My ID is 03122024_1500_13,2024-12-03 05:21:00,2024-12-03 15:21:01.964033,10.000545564691226,9.65,0.3505455647222222,3,Timestamp,Duplicate
R_8bUoR8FZN1THuut,674f43a2-b3cc-8007-9f0e-680bba39651a,03122024,03122024_1730_3,extracted_from_message,My ID is 03122024_1730_3,2024-12-03 06:37:00,2024-12-03 17:45:06.974303,11.135270639724201,10.883333333333333,0.2519373063888889,3,Timestamp,Duplicate
R_8qqvevaKXPddvBL,67503f6d-6544-8007-813a-914446a27fe3,04122024,04122024_1115_03,extracted_from_message,My ID is 04122024_1115_03,2024-12-04 02:27:00,2024-12-04 11:39:25.659011,9.207127503024207,8.8,0.40712750305555556,3,Timestamp,Duplicate
R_831lAuV4YKtTeX3,67504123-b870-8012-83db-a7b7904ab247,04122024,04122024_1115_15,extracted_from_message,my ID is 04122024_1115_15,2024-12-04 04:11:00,2024-12-04 11:46:43.963920,7.595545533365674,7.066666666666666,0.5288788666666666,3,Timestamp,Duplicate
R_89Owaye7yhaTAGd,67507287-e5a0-8005-af63-fd44550944d6,04122024_0527_Derived,04122024_1500_14,extracted_from_message,My id is 04122024_1500_14,2024-12-04 05:27:00,2024-12-04 15:17:28.196442,9.841165678302447,9.55,0.2911656783333333,3,Timestamp,Duplicate
R_8Cjiuxcvuu8nO0d,67508528-a010-800d-94c2-caf34e3b2e17,04122024,04122024_1615_21,extracted_from_message,My ID is 04122024_1615_21,2024-12-04 06:36:00,2024-12-04 16:36:56.903978,10.015806660585934,9.65,0.36580666055555555,3,Timestamp,Duplicate
R_8taPZ1SYAQqq5ln,6750949d-45ec-8012-9306-c1cc39ef8c38,847,04122024_1742,generated_from_conv_time,"{'content_type': 'image_asset_pointer', 'asset_pointer': 'file-service://file-PSjdYH33xqyjnafQ1qoX4T",2024-12-04 07:56:00,2024-12-04 17:42:53.581501,9.781550416946411,,,0,Timestamp,Complete
R_8Pz03hdwlaH2GFX,674f33b3-a94c-8013-8a64-c6d57d4c3d51,03,03122024_1636_16,extracted_from_message,My ID is 03/12/24_16:36_16,2024-12-04 09:09:00,2024-12-03 16:37:07.982117,16.531116078628433,16.55,0.01888392138888889,3,ExplicitID,Duplicate
R_2s6obfcPZjvp5OZ,6751d58e-07dc-8005-ab8e-8c513e066117,5,05122020_0415_5,extracted_from_message,My ID is 5/12/20_4:15_5,2024-12-05 07:54:00,2024-12-05 16:32:14.227781,8.637285494738155,35067.65,35076.28728549472,2,Timestamp,Duplicate
R_2H1PJKPL5hueF5Z,674da5cb-66fc-8008-9c4d-268c78383d03,02122024,02122024_1200_9,extracted_from_message,My ID is 02122024_1200_#9,2024-12-02 04:09:00,2024-12-02 12:19:23.764685,8.173267968032095,7.85,0.3232679680555556,2,Timestamp,Duplicate
R_8wuBOMGVzzH8pb3,674eddfa-88ec-8013-b8d0-1bd24cee2b97,03122024_0226_Derived,date_time_computer,extracted_from_message,My ID is date_time_computer number,2024-12-03 02:26:00,2024-12-03 10:31:23.537607,8.089871557487381,,,1,Timestamp,Complete
R_8aVTT7DV7SREk11,674eeef3-f4fc-8007-a164-373289bb2bd1,03122024,03122024_1115_13,extracted_from_message,My ID is 03122024_1115_13,2024-12-03 04:12:00,2024-12-03 11:43:48.234544,7.530065151121882,7.05,0.4800651511111111,3,Timestamp,Duplicate
R_81bIEFEGeI6pThW,674f23d6-aa4c-8008-ad28-8ec21b3b54e4,03122024,03122024_1529_09,extracted_from_message,My ID is 03122024_1529_09,2024-12-03 05:21:00,2024-12-03 15:29:26.866666,10.140796296132935,10.133333333333333,0.007462962777777777,3,Timestamp,Duplicate
R_2kSq7NnY5jf6n6x,674f44c9-0bac-8008-9326-dd0d9c9772b8,03122024,03122024_1730_17,extracted_from_message,My ID is 03122024_1730_17,2024-12-03 06:37:00,2024-12-03 17:50:01.267747,11.217018818590375,10.883333333333333,0.3336854852777778,3,Timestamp,Duplicate
R_8na6Gud6ZTfk4Ap,67503fc8-eaf4-8008-b9f6-770bb133f2a6,04122024,04122024_1140_12,extracted_from_message,My ID is 04122024 1140 12,2024-12-04 02:27:00,2024-12-04 11:40:57.104464,9.232529017792809,9.216666666666667,0.01586235111111111,2,Timestamp,Duplicate
R_8CJWYDT54iPipuH,6750417e-b030-8005-a01d-25f5ce0f035d,04122024_0411_Derived,04122024_1148,generated_from_conv_time, amikoj meaning in english,2024-12-04 04:11:00,2024-12-04 11:48:14.953670,7.6208204638957975,,,0,Timestamp,Duplicate
R_27PzpybWZPq9hCs,6750608d-3fa8-8007-a391-af0f45cc81dd,04122024_0527_Derived,04122024_1345_13,extracted_from_message,my id is 04122024_1345_13,2024-12-04 05:27:00,2024-12-04 14:00:45.576764,8.562660212251876,8.3,0.26266021222222224,3,Timestamp,Duplicate
R_20V68CMhLWRUGpY,675097d2-5e00-8013-b7cd-151571497557,04122024,04122024_1730_16,extracted_from_message,My ID is 04122024_1730_16,2024-12-04 07:56:00,2024-12-04 17:56:34.729569,10.009647102488412,9.566666666666666,0.44298043583333335,3,Timestamp,Duplicate
R_8CEgOiMVgFA3bXo,6751c578-f8b0-8007-a96c-996f8af0f51c,05122024,05122024_1500_13,extracted_from_message,My ID is 05122024_1500_13,2024-12-05 04:09:00,2024-12-05 15:23:37.140518,11.243650143875016,10.85,0.39365014388888886,3,Timestamp,Duplicate
R_2VR8VDGEkYmej5R,674da5d4-4be8-8008-8dad-c3881fa4cd6c,02122024,02122024_1200_17,extracted_from_message,My ID is 02122024_1200_17,2024-12-02 04:09:00,2024-12-02 12:19:32.476677,8.175687965816921,7.85,0.32568796583333337,3,Timestamp,Duplicate
R_8hEzdaPefGaVhEK,674ede81-777c-8012-824a-284bd8fe1241,03122024_0226_Derived,03122024_1033,generated_from_conv_time,help me to traslate english to esperanto langiuage,2024-12-03 02:26:00,2024-12-03 10:33:37.800261,8.127166739172406,,,0,Timestamp,Duplicate
R_2bZQfsAIioKkGBZ,674eef4d-6888-8008-857f-941cb97d577a,20544082,20544082_1145_17,extracted_from_message,My ID is 20544082_1145_17,2024-12-03 04:12:00,2024-12-03 11:45:18.184048,7.555051124427053,,,3,Timestamp,Complete
R_89ccd6xlVJmh8PV,674f1434-518c-800e-817a-ba555304ea7c,03122024_0521_Derived,03122024_1422,generated_from_conv_time,The man is happy because he lives in a beautiful apartment. in esperanto,2024-12-03 05:21:00,2024-12-03 14:22:48.120311,9.030033419728278,,,0,Timestamp,Complete
R_8VliLrznxnYC9yl,67503181-87a0-8007-9e1d-5c2822502713,04122024_0227_Derived,04122024_1040,generated_from_conv_time,"\r\nTransform these singular nouns into plural. If the noun has an article, keep the article in the ",2024-12-04 02:27:00,2024-12-04 10:40:01.713007,8.217142501937019,,,0,Timestamp,Duplicate
R_2LGzngH02SW1kO8,674da5a6-cecc-8012-88a0-2c75e7e618fe,02,02/12/2024_12:16,extracted_from_message,My ID is 02/12/2024_12:16,2024-12-04 04:11:00,2024-12-02 12:18:47.044643,39.87026537696521,,,1,ExplicitID,Complete
R_8kG5nV6apJ2sJfH,675053ab-b4c8-800c-bd72-628e68ad281b,04122024_0527_Derived,04122024_1305,generated_from_conv_time,..ĉar ili estas lacaj.,2024-12-04 05:27:00,2024-12-04 13:05:47.898058,7.646638349427117,,,0,Timestamp,Duplicate
R_2yYqayPyPRba6ch,6750744a-b0c4-8005-ae3d-e781fa34734c,04122024,04122024_1524_5,extracted_from_message, My ID is 04122024_1524_5,2024-12-04 06:36:00,2024-12-04 15:25:01.074643,8.816965178582404,8.8,0.01696517861111111,3,Timestamp,Duplicate
R_2z8Bt8QybFrHy8P,67517de6-1194-8008-a540-b2b1267949bb,05122024,05122024_1018_6,extracted_from_message,My ID is 05122024_1018_6,2024-12-05 02:39:00,2024-12-05 10:18:14.334108,7.653981696698401,7.65,0.003981696666666667,3,Timestamp,Duplicate
R_2jZdfnH3p9OYaBW,6751d75b-6688-8005-9e2e-663ac5ab1267,05122024,05122024_1600_14,extracted_from_message,My ID is 05122024_1600_14,2024-12-05 07:54:00,2024-12-05 16:39:55.655260,8.76545979446835,8.1,0.6654597944444445,3,Timestamp,Duplicate
R_2GddBaeyTfQjALo,674da633-b3d4-8012-ae50-723c2ee5dc26,02122024_0409_Derived,02122024_1221,generated_from_conv_time,Anna lernis rapide..is this statement right inpast tense?,2024-12-02 04:09:00,2024-12-02 12:21:07.928456,8.202202348907788,,,0,Timestamp,Duplicate
R_2WlEj9bv8fbg2Mp,674eed44-ec0c-8005-877d-d9f1169339b8,3,3_11,extracted_from_message,My ID is 3_11.35_14,2024-12-03 02:26:00,2024-12-03 11:36:37.251123,9.177014200819864,,,1,Timestamp,Complete
R_82L0mLLWv5EOP2p,674eefef-99c0-8002-b28c-6d1acc07e608,03122024,03122024_1115_11,extracted_from_message,My ID is 03122024_1115_11,2024-12-03 04:12:00,2024-12-03 11:47:59.907213,7.599974225825734,7.05,0.5499742258333333,3,Timestamp,Duplicate
R_2GpTCSeozSzoEFN,674f121c-1a64-8012-a482-d39eaa4e7c63,03122024,03122024_1345_4,extracted_from_message, My ID is 03122024_1345_4,2024-12-03 05:21:00,2024-12-03 14:13:48.319749,8.880088819199138,8.4,0.4800888191666667,3,Timestamp,Duplicate
R_2YYWPAFy4ZxHXHz,674f3849-26e8-8008-84c1-a2210f38a1fc,03122024,03122024_1615_17,extracted_from_message,My ID is 03122024_1615_17,2024-12-03 06:37:00,2024-12-03 16:56:41.543515,10.328206531935267,9.633333333333333,0.6948731986111111,3,Timestamp,Duplicate
R_8rQ7gpZL8IDJ51T,67502f7a-81cc-8005-b1dc-33aa3c6458bd,04122004,04122004_1030_5,extracted_from_message,My ID is 04122004_1030_5,2024-12-04 02:27:00,2024-12-04 10:31:22.743938,8.072984427213669,175311.95,175320.02298442723,3,Timestamp,Complete
R_87iwwoN9aTz2YGR,675041a1-3c58-800e-8528-b93398c30474,20562616,20562616_1115_10,extracted_from_message,My ID is 20562616_1115_10,2024-12-04 04:11:00,2024-12-04 11:48:49.859505,7.630516529149479,,,3,Timestamp,Complete
R_8N9JXCOKrZ1SwiR,67506251-f650-8008-b74c-1123684864e6,04122024,04122024_1400_12,extracted_from_message, My ID is 04122024_1400_12,2024-12-04 05:27:00,2024-12-04 14:08:18.221601,8.688394889169269,8.55,0.13839488916666667,3,Timestamp,Duplicate
R_2f1v5uWXMHJwEQo,6750750f-0f20-8012-b80b-9035766db89c,04122024,04122024_1500_15,extracted_from_message,My ID is 04122024_1500_15,2024-12-04 06:36:00,2024-12-04 15:28:15.310551,8.870919597480032,8.4,0.4709195975,3,Timestamp,Duplicate
R_85HKcXyQLUYXNFT,67509622-9c7c-8005-b4b9-d586ae31fa10,04122024,04122024_1749_20,extracted_from_message,My ID is 04122024_1749__20,2024-12-04 07:56:00,2024-12-04 17:49:22.844020,9.889678894413843,9.883333333333333,0.006345561111111111,2,Timestamp,Duplicate
R_2Gw2v5whflW2n8l,67517be8-3f9c-800c-b322-9fc3338924bb,05122024_0239_Derived,05122024_1009,generated_from_conv_time,what is an infinitive,2024-12-05 02:39:00,2024-12-05 10:09:44.664866,7.512406907214059,,,0,Timestamp,Complete
R_2QK8y3PiiJ739uA,6751d87a-c894-8008-9cbe-ead96cc1df3a,05122024_0754_Derived,05122024_1615_12,extracted_from_message,my id is 05122024_1615_12,2024-12-05 07:54:00,2024-12-05 16:44:42.977902,8.84527163942655,8.35,0.49527163944444447,3,Timestamp,Duplicate
R_8RwZHTn8RQOXmtH,674da4e4-ee00-8009-9d26-98c351663e12,2122024,2122024_12:15_2,extracted_from_message,My ID is 2122024_12:15_2,2024-12-02 04:09:00,2024-12-02 12:15:33.370540,8.109269594417677,,,1,Timestamp,Complete
R_2OiGj7c1qd9L01e,674eee23-076c-8010-b208-c81bf28ab968,03122024,03122024_1140_19,extracted_from_message,My ID is 03122024_1140_19,2024-12-03 02:27:00,2024-12-03 11:40:19.340545,9.222039040260844,9.216666666666667,0.005372373611111111,3,Timestamp,Duplicate
R_8iqkZkUY6XQpZoR,674eeee2-6174-8008-ae85-8bcfd31d8b17,03122024,03122024_1143_12,extracted_from_message,My ID is 03122024_1143_12,2024-12-03 04:12:00,2024-12-03 11:43:30.581140,7.525161427789264,7.516666666666667,0.008494761111111112,3,Timestamp,Duplicate
R_8cjbZ05HQ7XBuVc,6751c501-851c-8002-8978-5010ee03d753,05,05/12/2024,extracted_from_message, My ID is 05/12/2024._15:21_11. ,2024-12-03 05:21:00,2024-12-05 15:21:37.765319,58.010490366419155,,,1,ExplicitID,Complete
R_8zvXJ457Rkiu50U,674f46c9-7818-8002-9686-b8b8c1e64e5a,20679508,03122024_1757_11,extracted_from_message,My ID is 20679508_03122024_1757_11,2024-12-03 06:37:00,2024-12-03 17:58:33.811102,11.359391972753738,11.333333333333334,0.026058639444444445,3,Timestamp,Complete
R_82tNxdfffvSUnok,67503f54-5b00-8008-87aa-2b60b2d6cb71,04122024,04122024_1115_09,extracted_from_message,My ID is 04122024_1115_09,2024-12-04 02:27:00,2024-12-04 11:39:00.826621,9.20022961695989,8.8,0.4002296169444444,3,Timestamp,Duplicate
R_2CCy9fIQuQxTLcH,67504189-7c74-8005-a28c-035875662958,041224,041224_1115_14,extracted_from_message,01CSNUK2024! My ID is 041224_1115_14,2024-12-04 04:11:00,2024-12-04 11:48:25.806784,7.6238352177540465,,,1,Timestamp,Complete
R_8fkCpcRlnC7qglJ,67505d60-f930-8012-8f0d-f3b1d667560c,04122024_0527_Derived,04122024_1347,generated_from_conv_time,generate a picture that a beautiful immortal ,2024-12-04 05:27:00,2024-12-04 13:47:13.227347,8.337007596360312,,,0,Timestamp,Duplicate
R_2GwaDkyjWGzGwmL,675072f1-aac4-800e-99b0-57fe7e8c1c21,04122024,04122024_1500_11,extracted_from_message,My ID is 04122024_1500_11,2024-12-04 06:36:00,2024-12-04 15:19:13.942284,8.720539523363113,8.4,0.3205395233333333,3,Timestamp,Duplicate
R_83qG7PtVgZkA5wG,67509a7d-78a4-8010-bbe7-b49388dfa4ec,04142024,04142024_1730_19,extracted_from_message,My ID is 04142024_1730_19,2024-12-04 07:56:00,2024-12-04 18:07:57.787217,10.199385338028272,,,3,Timestamp,Complete
R_8Vayzfs4WnEh0G0,67518181-d288-8008-86e1-b883e957268e,01122024,01122024_1000_17,extracted_from_message, My ID is 01122024_1000_17,2024-12-05 02:39:00,2024-12-05 10:33:38.072759,7.910575766364733,88.65,96.5605757663889,3,Timestamp,Duplicate
R_2LFCPopR67E5uB7,6751d825-07e4-8007-9d0f-9062466a11d0,05122024_0754_Derived,05122024_1643,generated_from_conv_time,what is to like in esperanto?,2024-12-05 07:54:00,2024-12-05 16:43:17.265768,8.821462713347541,,,0,Timestamp,Duplicate
R_8H6XQZXyAaJEE6J,674da459-1424-8005-b712-9a1b27814535,02122024_0409_Derived,02122024_1213,generated_from_conv_time,what is flies in esperanto,2024-12-02 04:09:00,2024-12-02 12:13:13.269803,8.07035272306866,,,0,Timestamp,Duplicate
R_2pbuLnTBCoK9hBQ,674eece7-2d0c-8008-befd-ccb8fea31a4f,3,03122024_1115_6,extracted_from_message,My ID is 3/12/24_11:15_6,2024-12-03 02:26:00,2024-12-03 11:35:03.994823,9.151109673049715,8.816666666666666,0.3344430063888889,3,Timestamp,Duplicate
R_2uPQeg5rL4Yues2,674efdd0-5c64-8009-ba48-72d79c894da9,03122024_0412_Derived,03122024_1247,generated_from_conv_time,what is the verb love in eperanto,2024-12-03 04:12:00,2024-12-03 12:47:12.774108,8.586881696648067,,,0,Timestamp,Duplicate
R_2K2PDqyYjxlFYtK,674f223e-6630-8007-80e2-29de999cbdea,03122024,03122024_1521_3,extracted_from_message,my ID is 03122024_1521_3,2024-12-03 05:21:00,2024-12-03 15:22:38.581566,10.02738376835982,10.0,0.027383768333333332,3,Timestamp,Duplicate
R_2HbxCa8nPoPaq8p,674f350b-95fc-800c-b549-8d3fd8e9bd63,03122024,03122024_1642_7,extracted_from_message,My ID is 03122024_1642_7,2024-12-03 06:37:00,2024-12-03 16:42:51.995296,10.09777647111151,10.083333333333334,0.014443137777777778,3,Timestamp,Duplicate
R_8raaFUaI4tkABah,67502bad-2a84-8013-810a-63e43d281ea1,04122024_0227_Derived,04122024_1015,generated_from_conv_time,the bird flies translate to Esperanto,2024-12-04 02:27:00,2024-12-04 10:15:09.487792,7.802635497781965,,,0,Timestamp,Duplicate
R_8qmXrDyf3dMtO0H,67504251-2c10-8007-8d35-5cafaeaca939,04122024,04122024_1151_13,extracted_from_message,My ID is 04122024_11:51_13,2024-12-04 04:11:00,2024-12-04 11:51:45.409610,7.679280447231399,7.666666666666667,0.012613780555555556,2,Timestamp,Duplicate
R_2iPDbSbopoNR7wd,675068fe-2b28-800d-8d90-74f4f834118e,04122024_0527_Derived,04122024_1436,generated_from_conv_time,La viro kaj la virino estas en la aparatmento sed la juna knabo dormas ,2024-12-04 05:27:00,2024-12-04 14:36:46.382056,9.162883904443847,,,0,Timestamp,Duplicate
R_29bsKva0U3diZEn,67508494-b510-8013-a467-b1eb79c20339,04122024,04122024_1615_16,extracted_from_message,MY ID is 04122024_1615_16,2024-12-04 06:36:00,2024-12-04 16:34:28.983863,9.974717739754253,9.65,0.3247177397222222,3,Timestamp,Duplicate
R_2hFpJLBVEGaCEBY,67508665-0278-8008-939e-20c11639e4cf,04122024_0756_Derived,date_time_computer,extracted_from_message,My ID is date_time_computer number,2024-12-04 07:56:00,2024-12-04 16:42:13.457708,8.77040491885609,,,1,Timestamp,Duplicate
R_2pltKsQ1aoTVlux,6751da8c-8088-8002-ae6e-56e232820bf5,01122024,01122024_1500_11,extracted_from_message,My ID is 01122024_1500_11 and hit enter,2024-12-05 07:54:00,2024-12-05 16:53:32.802540,8.992445150017739,88.9,97.89244515,3,Timestamp,Duplicate
R_886igvX39wE2QiR,674da33b-b034-8012-8dd7-b7cd9fb964e4,20643527,20643527_1200_15,extracted_from_message,My ID is 20643527_1200_15,2024-12-02 04:09:00,2024-12-02 12:08:28.003455,7.991112070812119,,,3,Timestamp,Complete
R_2G8vfS5DY1dgNSj,674eda77-ed70-8009-a559-1b3a655d0301,03122024,03122024_1000_2,extracted_from_message,My ID is 03122024_10:00_2,2024-12-03 02:26:00,2024-12-03 10:16:24.378766,7.84010521279441,7.566666666666666,0.2734385461111111,2,Timestamp,Duplicate
R_2ph8kOwxW2DdSxu,674eee5a-d384-8012-95e7-0c81e2daa453,03122024,03122024_1115_4,extracted_from_message,My ID is 03122024_1115_4,2024-12-03 04:12:00,2024-12-03 11:41:15.157707,7.487543807493315,7.05,0.4375438075,3,Timestamp,Duplicate
R_2pYLTHBaVB47ccc,674f125b-6e58-8007-9f57-e4c374e7ccdb,03122024,03122024_1345_13,extracted_from_message, My ID is  03122024_1345_13,2024-12-03 05:21:00,2024-12-03 14:14:51.692467,8.897692351937295,8.4,0.49769235194444444,3,Timestamp,Duplicate
R_2nTkzQinJS5YTy9,674f4575-2050-800d-a076-ecf7c60e9af2,03122024,03122024_1730_21,extracted_from_message,My ID is 03122024_1730_21,2024-12-03 06:37:00,2024-12-03 17:52:53.397830,11.264832730558183,10.883333333333333,0.38149939722222226,3,Timestamp,Duplicate
R_83HfQzqMSZVdykF,67503fde-bd1c-800c-9ab5-df7535c1ad5b,20588493,20588493_1142_22,extracted_from_message,My ID is 20588493_1142_22,2024-12-04 02:27:00,2024-12-04 11:41:19.105302,9.23864036169317,,,3,Timestamp,Complete
R_82nbJPSNlL5yHPq,675040fe-8a4c-8002-bca7-8cda704da262,04,04/12/24_11:45am_11,extracted_from_message,my ID is 04/12/24_11:45am_11,2024-12-04 04:11:00,2024-12-04 11:46:06.774999,7.585215277473131,,,1,Timestamp,Duplicate
R_26sOmlaAxuwN1Yd,67505fdc-8d9c-8007-b26d-89e7600ba030,04122024,04122024_1345_03,extracted_from_message,My ID is 04122024_1345_03,2024-12-04 05:27:00,2024-12-04 13:57:48.875838,8.51357662167814,8.3,0.2135766216666667,3,Timestamp,Duplicate
R_2FyOZgnmDrfoIqM,67507325-cdf0-8009-b3d6-57fae49cf211,04122024,04122024_1500_2,extracted_from_message,My ID is 04122024_1500_2,2024-12-04 06:36:00,2024-12-04 15:20:06.138109,8.735038363602426,8.4,0.3350383636111111,3,Timestamp,Duplicate
R_8uJMcznGtIASwN5,67508783-e588-8008-93ca-fede730c0888,04122024,04122024_1615_9,extracted_from_message,My ID is 04122024_1615_9,2024-12-04 07:56:00,2024-12-04 16:47:00.187691,8.850052136381468,8.316666666666666,0.5333854697222222,3,Timestamp,Duplicate
R_2pbDVDiRPmmM0yM,67517de8-96e8-8013-b686-58cbdd254615,05122024_0239_Derived,05122024_1000_16,extracted_from_message,My Id is 05122024_1000_16,2024-12-05 02:39:00,2024-12-05 10:18:16.834248,7.654676180018319,7.35,0.30467617999999996,3,Timestamp,Duplicate
R_8eRxYskUHt0GRlq,6751d790-ce9c-8009-acd3-8be8eb9df458,05122024,05122024_1600_2,extracted_from_message,My ID is 05122024_1600_2,2024-12-05 07:54:00,2024-12-05 16:40:48.980922,8.780272478328811,8.1,0.6802724783333334,3,Timestamp,Duplicate
R_8Xocl1OV48ti437,674da63b-5af4-800e-8caa-863c771b0472,01122024,01122024_1200_10,extracted_from_message,My ID is 01122024_1200_10.,2024-12-02 04:09:00,2024-12-02 12:21:15.664779,8.204351327485508,16.15,24.354351327499998,3,Timestamp,Duplicate
R_2IPE98MlYuzInuN,674eec7e-6a48-8012-ac21-eca6682b8b07,03122024,03122024_1115_15,extracted_from_message,My ID is 03122024_1115_15,2024-12-03 02:26:00,2024-12-03 11:33:18.689259,9.121858127514521,8.816666666666666,0.3051914608333333,3,Timestamp,Duplicate
R_8NPazZ5Juvbfv68,674eee5c-0dd0-800c-a4db-cdf6726d09e1,03122024,03122024_1115_22,extracted_from_message,My ID is 03122024_1115_22,2024-12-03 04:12:00,2024-12-03 11:41:16.290694,7.487858526110649,7.05,0.43785852611111115,3,Timestamp,Duplicate
R_2OcgbloBG9cmx3q,674f23bc-4304-800e-be8d-b43918a4eca9,03122024_0521_Derived,03122024_1500_10,extracted_from_message,My ID is date 03122024_1500_10,2024-12-03 05:21:00,2024-12-03 15:29:00.472369,10.133464546932114,9.65,0.48346454694444446,3,Timestamp,Duplicate
R_83Dxvaxsbxce0Jf,674f4611-effc-8008-8e4c-03499a3e099b,03122024,03122024_1755_06,extracted_from_message, My ID is 03122024_17:55_06,2024-12-03 06:37:00,2024-12-03 17:55:30.634914,11.308509698311488,11.3,0.008509698333333333,2,Timestamp,Duplicate
R_8Ja3Mv9TBGX0chc,67503dff-2694-800c-82af-3d5806569a6d,04122024_0227_Derived,04122024_1133,generated_from_conv_time,tell me about esperanto,2024-12-04 02:27:00,2024-12-04 11:33:19.465116,9.105406976673338,,,0,Timestamp,Duplicate
R_8RWV8FNbZ21N0oS,67504168-a7bc-8009-8e95-a5393f5a73f3,04,04122024_1147_2,extracted_from_message,My ID is 04/12/2024_11:47_2,2024-12-04 04:11:00,2024-12-04 11:47:52.988111,7.614718919727538,7.6,0.014718919722222223,3,Timestamp,Duplicate
R_8rYhwKJGooHrmXF,67506011-3a94-800d-a445-6ae53e3e2dbf,04122024_0527_Derived,04122024_1358,generated_from_conv_time,how to screenshot the screen on a windows pc,2024-12-04 05:27:00,2024-12-04 13:58:41.716878,8.528254688315922,,,0,Timestamp,Duplicate
R_8RyeKskCAsHOMF2,675072eb-33f0-800c-8960-675755192e9d,04122024_0636_Derived,04122024_1500_22,extracted_from_message,my id is 04122024_1500_22,2024-12-04 06:36:00,2024-12-04 15:19:07.514086,8.71875391278002,8.4,0.31875391277777776,3,Timestamp,Complete
R_2ZIJjjJ1cFe244o,6750943f-9ff0-8012-8822-5d7109720cea,04122024_0756_Derived,04122024_1741,generated_from_conv_time,esperanto,2024-12-04 07:56:00,2024-12-04 17:41:19.906244,9.755529512233204,,,0,Timestamp,Duplicate
R_2s6WOGDSpY7couL,6751d873-96a8-8008-a582-db1654bcc950,05122024_0754_Derived,05122024_1615_18,extracted_from_message,my id is 05122024_1615_18,2024-12-05 07:54:00,2024-12-05 16:44:35.803214,8.843278670575884,8.35,0.4932786705555556,3,Timestamp,Duplicate
R_8aXdVWeeRPiIY3v,674eecb4-944c-800e-999a-691db58c1d1e,02122024,02122024_1135_10,extracted_from_message,My ID is 02122024_1135_10,2024-12-03 02:26:00,2024-12-03 11:34:12.843984,9.13690110663573,14.85,23.986901106666668,3,Timestamp,Duplicate
R_2t69biSprXdI46G,674f0072-bbe4-8013-8c53-894a492b8567,03122024,03122024_1230_16,extracted_from_message,My ID is 03122024_1230_16,2024-12-03 04:13:00,2024-12-03 12:58:26.977008,8.757493613362312,8.283333333333333,0.47416028000000005,3,Timestamp,Duplicate
R_8YA0WpVjRHU0I8h,674f0f1a-bdd4-8013-add0-2f0d8ba99146,03122024,03122024_1345_16,extracted_from_message,My ID is 03122024_1345_16,2024-12-03 05:21:00,2024-12-03 14:00:59.048776,8.666402437753147,8.4,0.2664024377777778,3,Timestamp,Duplicate
R_8qy7RxYlFF3gxfk,674f3609-7e10-8009-b714-ddc016967758,03122024,03122024_1646_3,extracted_from_message,My ID is 03122024_1646_3,2024-12-03 06:37:00,2024-12-03 16:47:06.074824,10.168354117804103,10.15,0.01835411777777778,3,Timestamp,Duplicate
R_2PWnohYBTUt3iOR,67502f33-aa70-8009-aca8-dab3b826de2f,04122024_0227_Derived,date_time_computer,extracted_from_message,"My ID is date_time_computer number. HOW CAN I SAY""NAME""IN ESPERANTO",2024-12-04 02:27:00,2024-12-04 10:30:11.830855,8.053286348581315,,,1,Timestamp,Duplicate
R_8hYlBcmIWp5Q0iT,67505112-27cc-8008-af89-b4111cfe01ad,04122024,04122024_1230_9,extracted_from_message,My ID is 04122024_1230_9,2024-12-04 04:12:00,2024-12-04 12:54:42.381460,8.711772627764278,8.3,0.4117726277777778,3,Timestamp,Duplicate
R_8SIglk0C2MR2gau,675062d1-e0e0-8012-ba15-df793ae65273,04122024_0527_Derived,04122024_1410,generated_from_conv_time,“I’m learning about Esperanto nouns and their endings. Can you explain how plural nouns work?”,2024-12-04 05:27:00,2024-12-04 14:10:26.921035,8.724144731958708,,,0,Timestamp,Duplicate
R_2wmitgmySXv1b04,675084c9-3fb4-8008-b912-57ae483321b2,04122024,04122024_1615_18,extracted_from_message,My ID is 04122024_1615_18,2024-12-04 06:36:00,2024-12-04 16:35:21.556614,9.989321281645033,9.65,0.3393212816666667,3,Timestamp,Duplicate
R_8JwHZsXCkBsjYip,67509792-1aa0-8008-a44b-7cdb8982b3f5,04122024,04122024_1730_9,extracted_from_message,my ID is 04122024_17:30_9,2024-12-04 07:56:00,2024-12-04 17:55:30.345991,9.99176277524895,9.566666666666666,0.4250961086111111,2,Timestamp,Duplicate
R_8u9dCJBcJ4GMw93,6751c498-3e90-8009-b441-9dfc60f1f0f7,05122024_0240_Derived,05122024_1519_02,extracted_from_message,my id is 05122024_1519_02,2024-12-05 02:40:00,2024-12-05 15:19:52.535563,12.664593211942249,12.65,0.014593211944444445,3,Timestamp,Complete
R_8RiqfZnBGKUyxyx,674eeddd-dd34-8008-8d39-e4af2fecf018,03122024,03122024_1138_9,extracted_from_message,My ID is 03122024_1138_9,2024-12-03 02:26:00,2024-12-03 11:39:10.175871,9.21949329747094,9.2,0.0194932975,3,Timestamp,Duplicate
R_8LuL24DXpSIjZoi,674f0e3a-b8dc-8012-aa78-aff7a8827b1e,0312024,0312024_1345_15,extracted_from_message,My ID is 0312024_1345_15,2024-12-03 04:13:00,2024-12-03 13:57:15.076829,9.737521341376834,,,1,Timestamp,Complete
R_2Wok5Mely1KHyYp,674f23ae-c04c-8002-b5b2-9dec1f5889e9,03122024_0521_Derived,01122024_1500_11,extracted_from_message,01122024_1500_11,2024-12-03 05:21:00,2024-12-03 15:28:47.006576,10.129724048905903,38.35,48.47972404888889,2,Timestamp,Duplicate
R_871mYYbHmgoE9ss,674f4589-ca74-8008-8b23-e25b8c6526f5,03122024,03122024_1730_12,extracted_from_message,My ID is 03122024_1730_12,2024-12-03 06:37:00,2024-12-03 17:53:14.467209,11.270685335861312,10.883333333333333,0.38735200249999996,3,Timestamp,Duplicate
R_87WnAD8rg8txSH8,67502ffe-9700-800d-848b-67f2a5e84fb4,04122024_0227_Derived,04122024_1033,generated_from_conv_time,fgs,2024-12-04 02:27:00,2024-12-04 10:33:34.768337,8.109657871392038,,,0,Timestamp,Duplicate
R_2w15kFEjLswIogs,675050f0-b064-800d-ab69-73825e01734e,04122024,04122024_1253_21,extracted_from_message,My ID is 04122024_1253_21,2024-12-04 04:12:00,2024-12-04 12:54:09.091043,8.70252528972096,8.683333333333334,0.01919195638888889,3,Timestamp,Duplicate
R_8EMuOMROJlmr8vj,675053e5-19cc-800e-8d5f-eb3994efb5da,04122024_0527_Derived,04122024_1306,generated_from_conv_time,b,2024-12-04 05:27:00,2024-12-04 13:06:45.392088,7.662608913315667,,,0,Timestamp,Duplicate
R_2ZKdahSPPBZUaEa,675073f3-583c-8005-82a7-5a83c6d4056c,041224,041224_1500_20,extracted_from_message,My ID is 041224_1500_20,2024-12-04 06:36:00,2024-12-04 15:23:31.575378,8.792104271650315,,,1,Timestamp,Duplicate
R_8DSZOBU5IVtSADf,6751c4e2-9e7c-8008-ade1-815668b77369,05122024,05122024_1500_18,extracted_from_message,My ID is 05122024_1500_18,2024-12-05 02:40:00,2024-12-05 15:21:06.869837,12.685241621401575,12.333333333333334,0.3519082880555555,3,Timestamp,Duplicate
R_2DYa2YELlIKFRGd,6751d878-46c8-800c-869f-094989aa15ac,03122024,03122024_1615_22,extracted_from_message,My ID is 03122024_1615_22,2024-12-05 07:54:00,2024-12-05 16:44:40.501172,8.84458365890715,39.65,48.494583658888885,3,Timestamp,Duplicate
R_2CU9FSlQcMasje1,674eed23-0ef8-800d-b2a9-0457eef9f9c7,03122024,03122024_1115_21,extracted_from_message,My ID is 03122024_11:15_21,2024-12-03 02:26:00,2024-12-03 11:36:03.563834,9.167656620542209,8.816666666666666,0.35098995388888893,2,Timestamp,Duplicate
R_2b2zGNnik1EBlct,674f00d0-b794-8008-a2ba-d8837b71519f,03122024,03122024_1230_17,extracted_from_message,My ID is 03122024_1230_17,2024-12-03 04:13:00,2024-12-03 13:00:01.031833,8.783619953592618,8.283333333333333,0.5002866202777778,3,Timestamp,Duplicate
R_2d1cJl2Z7qW7UvH,674f1176-2f50-8002-a787-baa1bd721b77,03122024,03122024_1345_11,extracted_from_message,My ID is 03122024_1345_11,2024-12-03 05:21:00,2024-12-03 14:11:02.438809,8.834010780255,8.4,0.4340107802777778,3,Timestamp,Duplicate
R_2tePetn1S9nNGlb,674f4317-c830-8008-a1af-6abdffb1b9de,03122024_0637_Derived,03122024_1742,generated_from_conv_time,"hey chat, i need your help ",2024-12-03 06:37:00,2024-12-03 17:42:48.550002,11.096819445027245,,,0,Timestamp,Complete
R_8JbliQyjtwbbfzU,67502f4e-702c-8008-9a4f-041ed3e46d17,04122024,04122024_1000_12,extracted_from_message, My ID is 04122024_1000_12,2024-12-04 02:27:00,2024-12-04 10:30:38.687518,8.060746532744831,7.55,0.5107465327777778,3,Timestamp,Duplicate
R_2mttwHpj0uQAEuF,67504306-7c74-8013-8e06-e22adbbde8bd,04122024,04122024_1154_16,extracted_from_message,My ID is 04122024_1154_16,2024-12-04 04:12:00,2024-12-04 11:54:46.739785,7.712983273598883,7.7,0.01298327361111111,3,Timestamp,Duplicate
R_2yLwTYriUnyI06Z,67506358-10c4-8005-992a-5488573a491b,04122024,04122024_1612_14,extracted_from_message,My ID is 04122024_1612_14.,2024-12-04 05:27:00,2024-12-04 14:12:41.039603,8.761399889720812,10.75,1.9886001102777777,3,Timestamp,Duplicate
R_2J1L8Hs8sa1DRUY,67508513-5df8-8002-b6fe-7996a00af6f2,04122024,04122024_1615_11,extracted_from_message,My ID is 04122024_1615_11,2024-12-04 06:36:00,2024-12-04 16:36:35.650658,10.009902960525618,9.65,0.35990296055555554,3,Timestamp,Duplicate
R_8k5UluM1dMa3s3v,6751c2ed-31b4-8012-9a28-93ae63179fe6,05122024,05122024_1500_8,extracted_from_message,My ID is 05122024_1500_8,2024-12-05 02:40:00,2024-12-05 15:12:45.391958,12.545942210555076,12.333333333333334,0.21260887722222224,3,Timestamp,Duplicate
R_8t3lx2VeEtdJqGR,6751d893-bdb8-8008-9e82-33a3cb5e1faa,05122024_0754_Derived,05122024_1645,generated_from_conv_time,plural,2024-12-05 07:54:00,2024-12-05 16:45:08.016713,8.852226864695549,,,0,Timestamp,Duplicate
R_8ySWQdIkGNZljMt,674da79b-5fe8-8005-a7f5-8d3fca641afe,02122024_0409_Derived,02122024_1200_20,extracted_from_message,02122024_1200_20,2024-12-02 04:09:00,2024-12-02 12:27:08.162461,8.302267350289556,7.85,0.45226735027777776,2,Timestamp,Duplicate
R_80W9fsTDlF9qwE1,674ed8e6-dbf0-8005-9f2e-27ae1184720c,03122024_0226_Derived,03122024_1009,generated_from_conv_time,can you translate esperaanto,2024-12-03 02:26:00,2024-12-03 10:09:43.186397,7.72866288807657,,,0,Timestamp,Duplicate
R_2kqgOLlf0HMpEyZ,674f01f4-f358-800c-b30e-c1a248c02133,31224130422,31224130422,extracted_from_message,My ID is 31224130422,2024-12-03 04:13:00,2024-12-03 13:04:53.182802,8.864773000544972,,,1,Timestamp,Complete
R_2WOmr3gowlySP4v,674f2385-86e0-8009-b2a7-77faa572cdbb,03122024_0521_Derived,03122024_1528,generated_from_conv_time,verbs in Esperanton.,2024-12-03 05:21:00,2024-12-03 15:28:05.770726,10.118269646101528,,,0,Timestamp,Duplicate
R_8LdU8fiXeyqOnOh,674f3403-4e30-8008-9aa5-afd019d4ae24,03122024,03122024_1615_18,extracted_from_message,My ID is 03122024_1615_18,2024-12-03 06:37:00,2024-12-03 16:38:27.532412,10.024314558903376,9.633333333333333,0.3909812255555556,3,Timestamp,Duplicate
R_2h6pjap0QjtdTwV,67502dd9-44e4-8005-9087-f25aa94ee804,04122024,04122024_1000_20,extracted_from_message,My ID is 04122024_1000_20,2024-12-04 02:27:00,2024-12-04 10:24:25.485507,7.957079307503171,7.55,0.40707930750000004,3,Timestamp,Duplicate
R_2GEvnGWqrzZ7Usb,675050b1-5354-8007-bf5e-a7de1941bcfe,04122024,04122024_1230_13,extracted_from_message,My ID is 04122024_1230_13,2024-12-04 04:12:00,2024-12-04 12:53:05.565406,8.684879279467795,8.3,0.38487927944444444,3,Timestamp,Duplicate
R_2Lt9kN9TBEWGxxW,67506445-6908-8008-bf40-738389895c63,04122024,04122024_1345_17,extracted_from_message,My ID is 04122024_1345_17,2024-12-04 05:27:00,2024-12-04 14:16:37.659798,8.8271277216408,8.3,0.5271277216666667,3,Timestamp,Duplicate
R_8ouIEiQjUI8dAYF,675077c2-e1a4-8012-b35e-82103ba1f58f,04122024_0636_Derived,04122024_1539,generated_from_conv_time,the bird in esperanto,2024-12-04 06:36:00,2024-12-04 15:39:47.082852,9.06307856996854,,,0,Timestamp,Duplicate
R_2sfpEnYBYRgHDCV,675097e0-5a04-800e-9ed5-cb59ae18a187,04122024_0756_Derived,04122024_1756,generated_from_conv_time,\r\n\rSelect the complement to the sentence that gives the most logical\r\nmeaning to the sentence.\,2024-12-04 07:56:00,2024-12-04 17:56:48.726858,10.013535238305728,,,0,Timestamp,Duplicate
R_8kRBH9jzXs7sOeT,6751c410-6dbc-8008-8b11-eddcaeeab736,05122024_0240_Derived,05122024_1517,generated_from_conv_time,"I am learning about Esperanto, verb should end with as. so what is fly in Esperanto?",2024-12-05 02:40:00,2024-12-05 15:17:36.767489,12.62687985804346,,,0,Timestamp,Duplicate
R_8uwcMjXdaLIAXtH,6751c5aa-7a14-800e-a94c-a6bccd850f16,05122024,05122024_1500_10,extracted_from_message,My ID is 05122024_1500_10,2024-12-05 07:54:00,2024-12-05 15:24:26.698468,7.5074162411027485,7.1,0.40741624111111113,3,Timestamp,Duplicate
R_8U4OqbqDVvcun6h,6748628a-b840-8008-9a30-c50cd377cdb2,28112024_0257_Derived,28112024_1200_12,extracted_from_message,28112024_1200_12,2024-11-28 02:57:00,2024-11-28 12:31:07.031479,9.568619855244954,9.05,0.5186198552777778,2,Timestamp,Complete
R_21QQA4gsTwDL8Oa,674eed2c-3014-8005-bb36-5940bcaee158,3,3rd,extracted_from_message,My ID is 3rd Decmber 11:15 20,2024-12-03 02:26:00,2024-12-03 11:36:13.763895,9.170489970842997,,,1,Timestamp,Duplicate
R_8Brl5m8V7tsg6vo,674f0364-2d00-8008-b0fd-be15aa9275c3,03122024_0413_Derived,03122024_1230_9,extracted_from_message,03122024_1230_9,2024-12-03 04:13:00,2024-12-03 13:11:00.366289,8.966768413583438,8.283333333333333,0.6834350802777778,2,Timestamp,Complete
R_8rJsiVt13ocLYLr,674f22cc-b888-8005-ae01-e9b2a0106306,03122024,03122024_1500_14,extracted_from_message,My ID is 03122024_15:00_14,2024-12-03 05:21:00,2024-12-03 15:25:00.904313,10.066917864746518,9.65,0.4169178647222222,2,Timestamp,Duplicate
R_8jGTfGfCZMDgn5r,674f33ed-0704-8008-9a91-3be4eec96998,03,03122024_1637_9,extracted_from_message,My ID is 03/12/2024 _ 16:37 _ 9,2024-12-03 06:37:00,2024-12-03 16:38:05.592113,10.018220031393898,10.0,0.018220031388888887,3,Timestamp,Duplicate
R_81F7KCNY6085wDj,67502dd8-c304-8005-8d37-de91f5532d56,04122024,04122024_1000_20,extracted_from_message,My ID is 04122024_1000_20,2024-12-04 02:27:00,2024-12-04 10:24:25.145081,7.956984744734235,7.55,0.4069847447222222,3,Timestamp,Duplicate
R_29tB2dlYXkT5MyL,67505142-34a4-8010-9d9b-74ac8a4ae69e,04122024_0412_Derived,20479398_1230_19,extracted_from_message,20479398_1230_19,2024-12-04 04:12:00,2024-12-04 12:55:30.455974,8.725126659472783,,,2,Timestamp,Complete
R_2G7kNiSuVC0gFNF,67506427-d04c-8005-a90b-df5f03b04cdb,04122024_0527_Derived,04122024_1416,generated_from_conv_time,what is hierau in esperante,2024-12-04 05:27:00,2024-12-04 14:16:08.245079,8.818956966400146,,,0,Timestamp,Duplicate
R_8M0DciwiR7b5M6s,675076fc-a064-8010-92cc-6cd2ecc6962d,04122024,04122024_1536_19,extracted_from_message,My ID is 04122024_1536_19,2024-12-04 06:36:00,2024-12-04 15:36:28.985144,9.008051428861089,9.0,0.008051428888888889,3,Timestamp,Duplicate
R_81imI65RUXaZ7mO,6751c538-2804-8012-9656-e32c9fd3b1fd,05122024,05122024_1500_4,extracted_from_message,My ID is 05122024_1500_4,2024-12-05 02:40:00,2024-12-05 15:22:32.455439,12.709015399747425,12.333333333333334,0.3756820663888889,3,Timestamp,Duplicate
R_8ANDNswAT4iIZEM,6751d99a-e2b0-8007-a026-a3259819ee77,05122024,05122024_1649_13,extracted_from_message,My ID is 05122024_16:49_13,2024-12-05 07:54:00,2024-12-05 16:49:31.181893,8.925328303641743,8.916666666666666,0.008661636944444445,2,Timestamp,Duplicate
R_8erc40ZIIJPGJBb,67486288-3f38-8013-bd0c-101cc1692241,28112024_0257_Derived,28112024_1200_16,extracted_from_message,28112024_1200_16,2024-11-28 02:57:00,2024-11-28 12:31:04.548313,9.567930086917347,9.05,0.5179300869444444,2,Timestamp,Duplicate
R_2djYqncKQ1NPSql,674da537-9f4c-800c-b24f-cfd7b30fc34e,01122024,01122024_1215_7,extracted_from_message,MYID is 01122024_1215_7,2024-12-02 04:09:00,2024-12-02 12:16:55.845211,8.132179225285848,15.9,24.03217922527778,3,Timestamp,Complete
R_2Hp64jFL9wJvilV,674edfb6-5fb0-8008-8eee-11206b6ba9b7,03122024,03122024_1000_6,extracted_from_message,my ID is 03122024_10:00_6,2024-12-03 02:26:00,2024-12-03 10:38:46.681022,8.212966950535774,7.566666666666666,0.6463002838888889,2,Timestamp,Duplicate
R_2Xd4pFj9nmxW5rP,674f0313-1700-800c-bc01-d49531b1e15f,03122024_0413_Derived,03122024_1309,generated_from_conv_time,Tom dormas.\r\n\r\n\r\nAnna lernas.\r \n\r\nLa hundo flugas.\r\n \n\r\nLa birdo estas granda.\r\n,2024-12-03 04:13:00,2024-12-03 13:09:39.313571,8.944253769715628,,,0,Timestamp,Duplicate
R_8qZNxbCUXfX5uZd,674f2334-de2c-8010-8670-ff528e101311,03122024_0521_Derived,13122024_1526_19,extracted_from_message,MY Id is 13122024_15:26_19,2024-12-03 05:21:00,2024-12-03 15:26:45.490724,10.095969645579656,250.08333333333334,239.98736368777776,2,Timestamp,Duplicate
R_2Q4cXuEFPOgDtCx,674f332c-0608-800e-ae47-f592b3f98463,03122024_0637_Derived,03122024_1634,generated_from_conv_time,what is to fly in esperanto,2024-12-03 06:37:00,2024-12-03 16:34:52.838712,9.964677419993613,,,0,Timestamp,Duplicate
R_8EYhHkjj1K1otSS,67502e4d-07d8-8007-b411-942a5247cab3,20599195,20599195_1000_13,extracted_from_message, My ID is 20599195_1000_13,2024-12-04 02:27:00,2024-12-04 10:26:21.338344,7.9892606511380935,,,3,Timestamp,Complete
R_2cwuA0dZMK8JLG4,6750509e-607c-800c-93b2-dbdd92e512a1,04122024,04122024_1252_22,extracted_from_message,My ID is 04122024_1252_22,2024-12-04 04:12:00,2024-12-04 12:52:46.630280,8.679619522227181,8.666666666666666,0.012952855555555556,3,Timestamp,Duplicate
R_8lDhkLwdj59GguK,67506442-172c-8012-af63-0e6464fdff16,04122024_0527_Derived,04122024_1416,generated_from_conv_time,u,2024-12-04 05:27:00,2024-12-04 14:16:34.467761,8.82624104473326,,,0,Timestamp,Duplicate
R_2i4BvnbUZszNLY7,67507929-12a4-8007-9271-e35991cffe5b,04122024_0636_Derived,04122024_1545,generated_from_conv_time,La knabinoj lernas rapidej. is this sentence correct?,2024-12-04 06:36:00,2024-12-04 15:45:45.571750,9.16265881942378,,,0,Timestamp,Duplicate
R_2MhrqRpSQZBTAnu,675098b3-5d34-8012-af9c-ce0348264320,04122024_0756_Derived,04122024_1800,generated_from_conv_time,Fill in the blank with the most appropriate verb. Write the verb only in the box.\r\n\r\nMi _____ An,2024-12-04 07:56:00,2024-12-04 18:00:19.601160,10.072111433347066,,,0,Timestamp,Duplicate
R_82ssQEqyCSQAn63,675182e8-8934-8008-ba8d-99b92caa557a,05122024,05122024_1038_18,extracted_from_message,My ID is 05122024_1038_18,2024-12-05 02:40:00,2024-12-05 10:39:36.801105,7.993555862506231,7.966666666666667,0.026889195833333334,3,Timestamp,Duplicate
R_2J258SlZzwjxPdT,6751d6a0-40a4-8012-9d7b-d5fb37820a93,05122024,05122024_1615_4,extracted_from_message,My ID is 05122024_1615_4,2024-12-05 07:54:00,2024-12-05 16:36:48.447305,8.713457584712241,8.35,0.36345758472222217,3,Timestamp,Duplicate
R_8i8xRKC1xV0RVTa,67486389-79f8-8005-88b4-ab4922b5cb23,28112024_0257_Derived,28112024_1235_14,extracted_from_message,28112024_1235_14,2024-11-28 02:57:00,2024-11-28 12:35:21.707602,9.639363222784466,9.633333333333333,0.006029889444444445,2,Timestamp,Duplicate
R_8G1eecQHGlKadmP,674da26a-cec8-8008-85a4-ebe6eeff4476,02122024_0409_Derived,02122024_1204,generated_from_conv_time,lerni esperanto -> english,2024-12-02 04:09:00,2024-12-02 12:04:59.675861,7.93324329468939,,,0,Timestamp,Duplicate
R_80UGQbaGQq1CHhD,674f22c4-6c88-8005-b2f7-9dc93c08ee41,03122024,03122024_1500_20,extracted_from_message,My ID is 03122024_1500_20,2024-12-03 05:21:00,2024-12-03 15:24:52.587566,10.064607657194138,9.65,0.4146076572222222,3,Timestamp,Duplicate
R_2BsKNaoNdDgz8j8,674f34c6-d01c-8007-8455-f7bb971cf8a3,03122024_0637_Derived,03122024_1642_13,extracted_from_message,03122024_1642_13,2024-12-03 06:37:00,2024-12-03 16:41:43.032931,10.078620258635945,10.083333333333334,0.0047130747222222215,2,Timestamp,Duplicate
R_8s5NqLlJDyiJgaC,67502faa-4a14-8008-bc6e-3a8c165294e2,04122024,04122024_1000_18,extracted_from_message,My ID is 04122024_1000_18,2024-12-04 02:27:00,2024-12-04 10:32:10.857893,8.086349414719475,7.55,0.5363494147222223,3,Timestamp,Duplicate
R_8mrWMslvG5iVquJ,67505096-6fb4-8012-9c57-3c7b24ff42f2,04122024,04122024_1230_04,extracted_from_message,My ID is 04122024_1230_04,2024-12-04 04:12:00,2024-12-04 12:52:38.974245,8.67749284585317,8.3,0.37749284583333337,3,Timestamp,Duplicate
R_237cpNUtCicNYgS,6750612c-e374-800c-9ff1-f28f9ceca6e8,04122024,04122024_1345_7,extracted_from_message,My ID is 04122024_1345_7,2024-12-04 05:27:00,2024-12-04 14:03:25.155083,8.606987523039182,8.3,0.3069875230555556,3,Timestamp,Duplicate
R_8Nxp8Voq8SurVmh,675074e6-8254-8008-8891-2c00a08c69b5,04122024,04122024_1527_17,extracted_from_message,my ID is 04122024_1527_17 ,2024-12-04 06:36:00,2024-12-04 15:27:34.702777,8.859639660252466,8.85,0.009639660277777778,3,Timestamp,Duplicate
R_8mPI9XM8DoyviL0,6751c38d-0d28-8005-9bd8-6ddfe51738c1,05122024_0240_Derived,05122024_1515_5,extracted_from_message,my id is 05122024_1515_5,2024-12-05 02:40:00,2024-12-05 15:15:25.294088,12.590359468857447,12.583333333333334,0.007026135555555555,3,Timestamp,Duplicate
R_2njA5H4OXQruxIk,6751d914-a510-8013-a316-02a3ab996e4f,05122024,05122024_1647_16,extracted_from_message, My ID is 05122024_1647_16.,2024-12-05 07:54:00,2024-12-05 16:47:16.891447,8.888025401963128,8.883333333333333,0.004692068611111111,3,Timestamp,Duplicate
R_28af9XybaRsflvj,67486246-f4a4-8008-b99e-4ba7578e3710,28112024_1229,28112024_1229_18,extracted_from_message,28/11/2024_12:29_#18,2024-11-28 02:57:00,2024-11-28 12:29:59.252502,9.549792361656825,9.533333333333333,0.016459028333333334,2,Timestamp,Complete
R_2NsubXR8LhZD6LH,674ed886-f6f0-8008-b44b-bf331b817fa5,03122024_0226_Derived,03122024_1008,generated_from_conv_time,"Now you need to learn a new language, based on the information that I provided to learn",2024-12-03 02:26:00,2024-12-03 10:08:07.268395,7.702018998596404,,,0,Timestamp,Duplicate
R_82XByP9JAwidnaU,674eff1e-a248-8002-8f17-456722d4a36b,03122024,03122024_1230_11,extracted_from_message,my ID is 03122024_1230_11,2024-12-03 04:13:00,2024-12-03 12:52:46.916100,8.663032250006994,8.283333333333333,0.37969891666666666,3,Timestamp,Duplicate
R_8nI6pazFjmkAiUq,674f228a-6b74-8008-9139-629f7b9f59fe,03122024,03122024_1500_12,extracted_from_message,My ID is 03122024_1500_12,2024-12-03 05:21:00,2024-12-03 15:23:54.641550,10.04851154168447,9.65,0.3985115416666667,3,Timestamp,Duplicate
R_2qgGc6F49e3lQC2,674f3477-b710-8005-adb3-8f50050a247a,03122024_0637_Derived,03122024_1640,generated_from_conv_time,a,2024-12-03 06:37:00,2024-12-03 16:40:23.936588,10.056649052235816,,,0,Timestamp,Duplicate
R_8MIT9DmJ5XOYcrT,67502e3e-ba78-8012-b7b7-a62bd984eaf2,20411833,20411833_1000_04,extracted_from_message,My ID is 20411833_1000_04,2024-12-04 02:27:00,2024-12-04 10:26:06.953134,7.985264759461085,,,3,Timestamp,Complete
R_2i51Xf2HKqFKOUF,67505069-1d8c-8008-a9b8-0ac732c5f8e3,041224,041224_1230_18,extracted_from_message,My ID is 041224_1230_18,2024-12-04 04:12:00,2024-12-04 12:51:53.380575,8.664827937483787,,,1,Timestamp,Duplicate
R_2qrP1bI8e6Lk4EB,67506404-d978-8008-935b-c3e9b1b52c82,04122024,04122024_1345_06,extracted_from_message,My ID is 04122024_1345_06,2024-12-04 05:27:00,2024-12-04 14:15:33.083949,8.809189985858069,8.3,0.5091899858333333,3,Timestamp,Duplicate
R_245mOkK0ZBq8rxD,675099a5-2d78-8005-8f31-6b42411da49d,04122024_0756_Derived,04122024_1730_14,extracted_from_message,04122024_1730_14,2024-12-04 07:56:00,2024-12-04 18:04:21.375340,10.139270927773582,9.566666666666666,0.5726042611111112,2,Timestamp,Duplicate
R_80PeY05hVrVv4Es,6751c3a2-3b18-8008-984d-956e31b53aeb,5,5_15:15_12,extracted_from_message,My ID is 5_15:15_12,2024-12-05 02:40:00,2024-12-05 15:15:46.494239,12.596248399747742,,,1,Timestamp,Duplicate
R_80buEqg5wgPktFv,6751d622-5e60-8008-9f27-4fa8a6609445,05122024,05122024_1615_17,extracted_from_message,My ID is 05122024_1615_17,2024-12-05 07:54:00,2024-12-05 16:34:42.557736,8.678488259977765,8.35,0.32848826,3,Timestamp,Duplicate
R_2KrQaF7qexPxzMF,674da571-906c-8010-9401-3ca592632661,02122024,02122024_1217_19,extracted_from_message,My ID is 02122024_1217_19,2024-12-02 04:09:00,2024-12-02 12:17:53.676369,8.148243435819944,8.133333333333333,0.0149101025,3,Timestamp,Duplicate
R_8rI73jMo7px8AlW,674eedff-1a40-800c-98e5-748c78019cd8,03122024_0227_Derived,03122024_1139_7,extracted_from_message,My id is 03122024_1139_7,2024-12-03 02:27:00,2024-12-03 11:39:43.432129,9.212064480251737,9.2,0.012064480277777779,3,Timestamp,Complete
R_83fixpr8Ybv9FlJ,674f0141-ed04-8012-b938-852651150d4a,03122024_0413_Derived,03122024_1230_8,extracted_from_message,03122024_1230_8,2024-12-03 04:13:00,2024-12-03 13:01:54.227436,8.815063176684909,8.283333333333333,0.5317298433333333,2,Timestamp,Duplicate
R_2QyqLltROt9S9fO,674f11ae-4e38-800d-afd7-9baa485277a7,03122024_0521_Derived,03122024_1406_21,extracted_from_message,my id is 03122024_1406_21,2024-12-03 05:21:00,2024-12-03 14:11:58.566234,8.84960173169772,8.75,0.09960173166666667,3,Timestamp,Duplicate
R_8Aw5rQ9ek5IPu2l,674f4873-acd4-800e-9fd9-d1369151fffc,03122024,03122024_1730_10,extracted_from_message,My ID is 03122024_1730_10,2024-12-03 06:37:00,2024-12-03 18:05:40.061422,11.47779483947489,10.883333333333333,0.5944615061111111,3,Timestamp,Duplicate
R_2Ed4aBGbEfujJoT,67502ed5-4ed4-800e-afb6-8a2d3fc852e5,20596864,20596864_1028_04,extracted_from_message,My ID is 20596864_1028_04,2024-12-04 02:27:00,2024-12-04 10:28:37.476129,8.027076702515284,,,3,Timestamp,Complete
R_2GpwN7mLM9wjwlP,675050f1-8e74-8002-8d93-b7b3e14e2c48,04122024,04122024_1253_11,extracted_from_message,My ID is 04122024_1253_11,2024-12-04 04:12:00,2024-12-04 12:54:09.829276,8.702730354468027,8.683333333333334,0.01939702111111111,3,Timestamp,Duplicate
R_8dDActHMIOFwZ1f,67505457-b44c-8012-a342-746116ceb0e0,04122024_0527_Derived,04122024_1230_15,extracted_from_message,04122024_1230_15,2024-12-04 05:27:00,2024-12-04 13:08:39.886500,7.6944129166338175,7.05,0.6444129166666667,2,Timestamp,Duplicate
R_2diKBdyPxhWzVLZ,675074d1-d6a8-8008-8232-2c15edf54183,04122024,04122024_1526_12,extracted_from_message,My ID is 04122024_1526_12,2024-12-04 06:36:00,2024-12-04 15:27:14.172716,8.853936865528425,8.833333333333334,0.02060353222222222,3,Timestamp,Duplicate
R_8EneFc7QJhGsoS5,6751c42a-bfb8-8012-8659-7b78f79db409,01122024,01122024_1500_11,extracted_from_message, My ID is 01122024_1500_11 ,2024-12-05 02:40:00,2024-12-05 15:18:03.025981,12.634173883597056,83.66666666666667,96.30084055027777,3,Timestamp,Duplicate
R_8wzgmOo7PR5whW8,674da5ba-4754-800d-8728-6a712f5ba880,02122024_0409_Derived,02122024_1219,generated_from_conv_time,what does amikoj mean,2024-12-02 04:09:00,2024-12-02 12:19:06.589546,8.168497096101444,,,0,Timestamp,Duplicate
R_2hNfDt58u49xkIh,674edc52-4ba8-8007-b07d-e55d177bea8b,3,3/12/2024_10:24am_3,extracted_from_message,My ID is 3/12/2024_10:24am_3,2024-12-03 02:26:00,2024-12-03 10:24:18.583940,7.971828872230318,,,1,Timestamp,Duplicate
R_2TNAoGYoMmySRxf,674eff08-3f7c-8005-95da-42bb850b3067,03,03/12/2024_12,extracted_from_message,My ID is 03/12/2024_12.52_5,2024-12-03 04:13:00,2024-12-03 12:52:24.552841,8.656820233596696,,,1,Timestamp,Duplicate
R_2UEvCkajVHtCC41,674f1176-7914-8010-9631-724d2b0fcb56,03122024,03122024_1345_19,extracted_from_message,My ID is 03122024_1345_19,2024-12-03 05:21:00,2024-12-03 14:11:02.744232,8.834095619983144,8.4,0.43409562,3,Timestamp,Duplicate
R_2FJw1DkeP6J0aOr,674f432b-8278-8012-9664-83e43c70915a,03122024_0637_Derived,03122024_1743,generated_from_conv_time,is esperantos a real lnauage,2024-12-03 06:37:00,2024-12-03 17:43:07.834772,11.102176325586107,,,0,Timestamp,Duplicate
R_2ypzI6PNzy0wuKM,67502fcd-fbfc-8005-9cce-6735c7830e4a,04122024,04122024_1000_14,extracted_from_message,My ID is 04122024_1000_14,2024-12-04 02:27:00,2024-12-04 10:32:47.273177,8.09646477136347,7.55,0.5464647713888889,3,Timestamp,Duplicate
R_27dHzMZJXIfs4v7,67504261-af80-8008-bc96-59d82aadc0c1,04122024_0412_Derived,04122024_1152,generated_from_conv_time,what does amikoj mean in English from Esperanton?,2024-12-04 04:12:00,2024-12-04 11:52:01.946133,7.667207259138425,,,0,Timestamp,Duplicate
R_8Z5TSQ3hYL8tQzf,67505463-41b4-8008-bf9e-cfa5e70777d7,04122024_0527_Derived,04122024_1308,generated_from_conv_time,boy in esporanto,2024-12-04 05:27:00,2024-12-04 13:08:51.434976,7.697620826694701,,,0,Timestamp,Duplicate
R_21dBsYZ2gZm10H5,67507504-f97c-8008-a66b-16d49521d129,041224,041224_1500_9,extracted_from_message,My ID is 041224_1500_9,2024-12-04 06:36:00,2024-12-04 15:28:05.131079,8.868091966377364,,,1,Timestamp,Duplicate
R_8JKOZNvjf92AO4S,67509668-e394-8002-bd5f-5d5780a66f37,04122024,04122024_1730_11,extracted_from_message,My ID is 04122024_1730_11,2024-12-04 07:56:00,2024-12-04 17:50:33.087677,9.909191021389432,9.566666666666666,0.3425243547222222,3,Timestamp,Duplicate
R_8wKWCmrWNNJHmfx,6751c3a1-aad8-8007-82d9-7ee9116afc84,05122024,05122024_1515_03,extracted_from_message,My ID is 05122024_1515_03,2024-12-05 02:40:00,2024-12-05 15:15:46.063092,12.596128636664815,12.583333333333334,0.012795303333333332,3,Timestamp,Duplicate
R_2JfQNBeL9PDpl59,6751c618-8cf8-800c-b64c-d50fd728e26f,05122024,05122024_1526_22,extracted_from_message,my ID is 05122024_1526_22,2024-12-05 07:54:00,2024-12-05 15:26:16.791858,7.537997738321622,7.533333333333333,0.004664405,3,Timestamp,Duplicate
R_8fkfvwK2fjVzQKh,674da7bf-9a08-8002-8554-d288839a3385,02122024,02122024_1200_11,extracted_from_message,My ID is 02122024__1200_11,2024-12-02 04:09:00,2024-12-02 12:27:43.776413,8.312160114712185,7.85,0.46216011472222224,2,Timestamp,Duplicate
R_22317AJ06zqaURy,674ee98f-66c4-8009-b156-601409bef13c,03122024_0226_Derived,03122024_1120,generated_from_conv_time,Hello,2024-12-03 02:26:00,2024-12-03 11:20:47.631650,8.913231013880836,,,0,Timestamp,Duplicate
R_8cdF4uxhVksYZLr,674f01a0-7578-8010-ba47-7fe2dd5b82c4,03122024,03122024_1230_19,extracted_from_message,My ID is 03122024_12:30_19,2024-12-03 04:13:00,2024-12-03 13:03:28.905484,8.84136263443364,8.283333333333333,0.558029301111111,2,Timestamp,Duplicate
R_2w49xkP0YBOm5BA,674f0faf-38fc-8008-a224-f6dee2a594b9,20662162,20662162_1345_9,extracted_from_message,My ID is 20662162 _1345_9 ,2024-12-03 05:21:00,2024-12-03 14:03:27.551283,8.70765313413408,,,2,Timestamp,Complete
R_8i34ElCw39ebJtb,674f3315-3934-8012-b416-99531f564e58,836,03122024_1634,generated_from_conv_time,"{'content_type': 'image_asset_pointer', 'asset_pointer': 'file-service://file-EkMyaevQZegoD7CdbPhaCb",2024-12-03 06:37:00,2024-12-03 16:34:29.491057,9.958191960255306,,,0,Timestamp,Complete
R_2i9uLJNuiHtWQ3X,6750305a-caec-800c-8157-993bc7f63411,04122024_0227_Derived,04122024_1035,generated_from_conv_time,fly in esperanto ,2024-12-04 02:27:00,2024-12-04 10:35:07.397134,8.135388092796008,,,0,Timestamp,Duplicate
R_2gkbikihJ5EpfmF,67505101-eadc-800c-864d-5861a23f3ab0,04122024_0412_Derived,04122024_1254,generated_from_conv_time,how do you stay something in plural in esperanto,2024-12-04 04:12:00,2024-12-04 12:54:26.386050,8.707329458329413,,,0,Timestamp,Duplicate
R_2mfMPQ1sO3vsuhv,67506105-82e0-8012-a877-4739ea06cc11,04122024_0527_Derived,04122024_1402,generated_from_conv_time,translate the man is quick to esperanto,2024-12-04 05:27:00,2024-12-04 14:02:45.704383,8.596028995249007,,,0,Timestamp,Duplicate
R_2QyIMjtklxZcPhn,67507588-a5c4-8008-9845-f1ca498ed546,04122024_0636_Derived,04122024_1530,generated_from_conv_time,amikoj.,2024-12-04 06:36:00,2024-12-04 15:30:16.919394,8.904699831671184,,,0,Timestamp,Duplicate
R_8roy4KiCT5cYGLc,675097e0-509c-8008-8285-624abcdfa639,04122024,04122024_1730_6,extracted_from_message,My ID is 04122024_1730_6,2024-12-04 07:56:00,2024-12-04 17:56:48.580846,10.013494679464234,9.566666666666666,0.4468280127777778,3,Timestamp,Duplicate
R_8NsRRSTrF6FPfyi,6751c52f-f1c8-8008-a951-9f252c2206d7,20606377,20606377,extracted_from_message,"My ID  is 20606377, 3:22pm, computer 6",2024-12-05 02:40:00,2024-12-05 15:22:24.134385,12.706703995863597,,,1,Timestamp,Complete
R_8prQ2rtPDGulejc,6751c68c-049c-8005-ab84-6d961c566b81,05122024,05122024_1500_20,extracted_from_message,My ID is 05122024_1500_20,2024-12-05 07:54:00,2024-12-05 15:28:12.279956,7.570077765583992,7.1,0.4700777655555556,3,Timestamp,Duplicate
R_8qCzIIjxOTtrWA4,674861b0-3b10-8007-b71d-5cc92f8a90f9,28112024_0225_Derived,28112024_1200_13,extracted_from_message,28112024_1200_13,2024-11-28 02:25:00,2024-11-28 12:27:28.452823,10.041236895256572,9.583333333333334,0.4579035619444445,2,Timestamp,Complete
R_8nt5wvzxZyTZDEZ,674edd72-9bdc-8012-b93f-b767dfbcb716,03,03,extracted_from_message,My ID is 03.12.24_10:28_#8,2024-12-03 02:26:00,2024-12-03 10:29:06.813197,8.051892554693751,,,1,Timestamp,Complete
R_8wzbEL9LphhFZ4l,674f017c-4e30-8008-a233-64ac198ef8c7,03122024,03122024_1302_18,extracted_from_message,My ID is 03122024_1302_18,2024-12-03 04:13:00,2024-12-03 13:02:53.005296,8.83139035999775,8.816666666666666,0.014723693333333334,3,Timestamp,Duplicate
R_2QAXgrLg39b4uh6,674f2642-1878-8013-86e8-de911110213f,03122004,03122004_1500_16,extracted_from_message,My ID is 03122004_1500_16. ,2024-12-03 05:21:00,2024-12-03 15:39:46.483797,10.312912165853712,175310.35,175320.66291216583,3,Timestamp,Complete
R_8NO1ptm3Ik0gPYh,674f4542-621c-800c-8623-e5b46111a818,0112024,0112024_1751_7,extracted_from_message,My ID is 0112024_1751_7,2024-12-03 06:37:00,2024-12-03 17:52:02.613512,11.25072597556644,,,1,Timestamp,Complete
R_2NagJw8EObvrjRT,67503743-deb0-8005-8f86-7c8c1ddf0de7,04122024_0227_Derived,04122024_1104,generated_from_conv_time,dsfdf,2024-12-04 02:27:00,2024-12-04 11:04:36.068213,8.626685614718332,,,0,Timestamp,Duplicate
R_2gM6MkovkJz9o9X,67504fdd-e380-8005-9e57-7d2c2d334549,04122024,04122024_1249_14,extracted_from_message,My ID is 04122024_1249_14.,2024-12-04 04:12:00,2024-12-04 12:49:34.134695,8.62614852640364,8.616666666666667,0.009481859722222222,3,Timestamp,Duplicate
R_80aMnNdex0m4njr,67506105-6a6c-8012-808c-550a16b728b4,20559962,20559962_04122023_14,extracted_from_message,My ID is 20559962_04122023_14.02_04,2024-12-04 05:27:00,2024-12-04 14:02:45.673573,8.5960204369492,,,1,Timestamp,Complete
R_2K14isw0vo7pWao,67507312-4acc-8008-b57c-6a588a56f33e,04122024,04122024_1520_18,extracted_from_message,My ID is 04122024_1520_18,2024-12-04 06:36:00,2024-12-04 15:19:46.943207,8.72970644639598,8.733333333333333,0.0036268869444444447,3,Timestamp,Duplicate
R_8iQ2kVTbdpMOjyY,67517e0f-8440-8009-846d-fb6604204d9e,05122024,05122024_1000_2,extracted_from_message,My ID is 05122024_1000_2.,2024-12-05 02:39:00,2024-12-05 10:18:55.831672,7.665508797764778,7.35,0.3155087977777778,3,Timestamp,Duplicate
R_8tinxpxTMjNjBx5,6751d69b-4d18-800e-a80a-4b649aac1206,05122024,05122024_1615_10,extracted_from_message,My ID 05122024_1615_10,2024-12-05 07:54:00,2024-12-05 16:36:43.600710,8.712111308309767,8.35,0.3621113083333333,3,Timestamp,Duplicate
R_8kmEQqPKqtEcKgj,6748612d-c46c-8008-9a1e-0269d57a4fb1,28112024_0225_Derived,28112024_1225,generated_from_conv_time,fartas in esperanto means,2024-11-28 02:25:00,2024-11-28 12:25:17.980413,10.00499455915557,,,0,Timestamp,Duplicate
R_20Pcee3winLwPvf,674edc3d-4408-8002-b94c-6d32a573741d,03122024_0226_Derived,03122024_1023,generated_from_conv_time,amikoj,2024-12-03 02:26:00,2024-12-03 10:23:57.500822,7.965972450574239,,,0,Timestamp,Duplicate
R_2kePWvsLo0yw2wF,674f002b-ee88-8012-8b17-5672b9ef05dc,03122024_0413_Derived,03122024_1230_15,extracted_from_message,my id is 03122024_1230_15,2024-12-03 04:13:00,2024-12-03 12:57:16.631286,8.737953134973845,8.283333333333333,0.45461980166666666,3,Timestamp,Duplicate
R_2QxtHi49Kcwvup0,674f104f-1b5c-8009-bdbd-b8305dc3e2fc,03122024,03122024_1500_11,extracted_from_message,My ID is 03122024_1500_11 and hit enter3,2024-12-03 05:21:00,2024-12-03 14:06:07.387379,8.752052049703067,9.65,0.8979479502777779,3,Timestamp,Duplicate
R_8Olk8BIewElxW5R,674f325b-1ee4-8005-a8bc-716068b6dd12,03122024,03122024_1631_5,extracted_from_message,My ID is 03122024_1631_5,2024-12-03 06:37:00,2024-12-03 16:31:23.447324,9.906513145565986,9.9,0.006513145555555555,3,Timestamp,Duplicate
R_2Xdtylp7fYm79kX,67502e15-af94-800c-9df6-0a5b76bd3a79,04122024,04122024_1025_22,extracted_from_message,My ID is 04122024_1025_22,2024-12-04 02:27:00,2024-12-04 10:25:26.027857,7.9738966269625555,7.966666666666667,0.007229960277777778,3,Timestamp,Duplicate
R_2qg97Pb1eujnwaM,675050fd-dca4-8005-86c6-960f2e82f4e4,20430591,20430591_1230_5,extracted_from_message,My ID is 20430591_1230_5 ,2024-12-04 04:12:00,2024-12-04 12:54:22.089184,8.706135884457165,,,3,Timestamp,Complete
R_2IYhDrJDzyVJz9j,6750518b-6308-8013-bc44-01e138baf29b,04122024,04122024_1256_16,extracted_from_message,My ID is 04122024_1256_16,2024-12-04 05:27:00,2024-12-04 12:56:43.671653,7.495464348064528,7.483333333333333,0.012131014722222222,3,Timestamp,Duplicate
R_2340jl0UI6SPHmU,67507566-c718-8007-8b75-a8b2655b9e02,04122024,04122024_1500_03,extracted_from_message,My ID is 04122024_1500_03 ,2024-12-04 06:36:00,2024-12-04 15:29:43.040496,8.895289026697476,8.4,0.4952890266666667,3,Timestamp,Duplicate
R_8veUNQojfmcFVyE,675096e8-7a30-800c-a9cf-c2ad31aac457,04,04/12/2024_17,extracted_from_message,My ID is 04/12/2024_17.52_computer number,2024-12-04 07:56:00,2024-12-04 17:52:40.857647,9.94468267970615,,,1,Timestamp,Duplicate
R_2KPm8ZKzPOLKVkt,67517fce-97b4-8007-a7bf-472135687f45,05122024_0239_Derived,05122024_1020_3,extracted_from_message,05122024_1020_3,2024-12-05 02:39:00,2024-12-05 10:26:22.905430,7.789695952799585,7.683333333333334,0.10636261944444445,2,Timestamp,Duplicate
R_2k1ujTNGsfSto9y,6751c657-1aa0-800d-9812-236f748d8f31,05122024_0754_Derived,date_time_computer,extracted_from_message,My ID is date_time_computer number,2024-12-05 07:54:00,2024-12-05 15:27:19.584440,7.555440122220252,,,1,Timestamp,Duplicate
R_8qkylSKLZxexxeN,6748614a-0b18-800c-bf63-bc944421acf4,28112024_0225_Derived,28112024_1225_7,extracted_from_message,28112024_1225_7,2024-11-28 02:25:00,2024-11-28 12:25:46.240263,10.012844517495896,10.0,0.0128445175,2,Timestamp,Duplicate
R_8pKbjDqWlXRFrA2,674edc43-f8e4-8008-b438-490d4fc62013,03122024,03122024_1000_12,extracted_from_message,My ID is 03122024_1000_12,2024-12-03 02:26:00,2024-12-03 10:24:04.271240,7.967853122221099,7.566666666666666,0.40118645555555554,3,Timestamp,Duplicate
R_2ty5qZrz4TrEl8Z,674f104d-7da4-8008-ae29-91ff20c4c3be,03122024,03122024_1345_17,extracted_from_message,My ID is 03122024_1345_17,2024-12-03 05:21:00,2024-12-03 14:06:05.849245,8.751624790297614,8.4,0.3516247902777778,3,Timestamp,Duplicate
R_2JrXocJuioWUqms,674f446a-adb8-8012-b8cb-6fc1d66e7443,03122024_0637_Derived,03122024_1748,generated_from_conv_time,english to esperanto translation,2024-12-03 06:37:00,2024-12-03 17:48:26.956826,11.190821340547668,,,0,Timestamp,Duplicate
R_208DZoTvPHlJ1RX,67502ea9-dc54-8010-b2d8-ea694edf9f3c,04122024_0227_Derived,04122024_1027,generated_from_conv_time,"i am learning the language esperanto, what is the ending for the past tense",2024-12-04 02:27:00,2024-12-04 10:27:54.056484,8.015015689995554,,,0,Timestamp,Duplicate
R_2ZNS8HsCLmB5EUV,6750513e-bbd4-8007-b71d-cd8963850a53,04122024,04122024_1300_3,extracted_from_message,My ID is 04122024_1300_3,2024-12-04 04:12:00,2024-12-04 12:55:27.060675,8.724183520807161,8.8,0.07581647916666667,3,Timestamp,Duplicate
R_2mkEZX34hwiSiSz,67506171-9620-8013-9ed4-2eef0d4d8e43,04122024,04122024_1404_16,extracted_from_message,My ID is 04122024_1404_16,2024-12-04 05:27:00,2024-12-04 14:04:33.943856,8.626095515555805,8.616666666666667,0.009428848888888888,3,Timestamp,Duplicate
R_8YXRJf49vrFqNWx,675084b1-6470-8005-a7c2-d6e09f7aba9e,04122024_0636_Derived,04122024_1634,generated_from_conv_time,what are infinitives?,2024-12-04 06:36:00,2024-12-04 16:34:57.653294,9.982681470579571,,,0,Timestamp,Duplicate
R_2n9hSCUMDNG9qMD,67509a06-0bb8-8007-a727-fb13bf605084,04122024,04122024_1730_13,extracted_from_message,my ID is 04122024_1730_13,2024-12-04 07:56:00,2024-12-04 18:05:58.331190,10.166203108363682,9.566666666666666,0.5995364416666666,3,Timestamp,Duplicate
R_8gNGFlkydMIM6iH,67517e13-1904-8012-a7e8-2a39232af4c3,05122024_0239_Derived,05122024_1018,generated_from_conv_time,what is the meaning of dormis,2024-12-05 02:39:00,2024-12-05 10:18:59.392498,7.666497916115655,,,0,Timestamp,Duplicate
R_2EsdNhwmGwStrCA,67486110-e1e0-8012-a588-e06edc3812fd,28112024_0225_Derived,28112024_1200_8,extracted_from_message,28112024_1200_8,2024-11-28 02:25:00,2024-11-28 12:24:49.141545,9.996983762515915,9.583333333333334,0.41365042916666667,2,Timestamp,Duplicate
R_8OdedU6aM559xQd,674edca8-7b48-800c-8a6a-03f593c1306a,03122024_0226_Derived,03122024_1025,generated_from_conv_time,Tom kaj Anna _____ amikoj. fill the blank with proper verb ,2024-12-03 02:26:00,2024-12-03 10:25:44.761522,7.9957670894596315,,,0,Timestamp,Duplicate
R_2urcGBclQxr4idP,674f0e23-f450-8005-8359-8542ad9368bc,03122024,03122024_1145_20,extracted_from_message,My ID is 03122024_1145_20,2024-12-03 04:13:00,2024-12-03 13:56:52.683819,9.731301060848766,7.533333333333333,2.1979677275,3,Timestamp,Duplicate
R_2hTlq898m3bI9YI,674f2246-cdb0-8008-bed6-d2894b608dac,03122024,03122024_1500_6,extracted_from_message,My ID is 03122024_1500_6,2024-12-03 05:21:00,2024-12-03 15:22:46.993633,10.029720453619957,9.65,0.3797204536111111,3,Timestamp,Duplicate
R_80YhI7hkSU6T3CP,674f3329-4194-8012-9a83-547749411f84,3,3rd,extracted_from_message,"my ID is 3rd december 2024, 4:15, #15",2024-12-03 06:37:00,2024-12-03 16:34:49.565667,9.96376824080944,,,1,Timestamp,Duplicate
R_2Myusren8MG4757,67502e9d-2f3c-8012-a051-378a355dac16,04122024,04122024_1000_8,extracted_from_message, My ID is 04122024_1000_8,2024-12-04 02:27:00,2024-12-04 10:27:41.372331,8.011492314140002,7.55,0.4614923141666667,3,Timestamp,Duplicate
R_8R9pC38a9gJdzTl,675050af-f084-8008-8ebd-1a1de1ad32ed,04122024,04122024_1230_17,extracted_from_message,My ID is 04122024_1230_17,2024-12-04 04:12:00,2024-12-04 12:53:04.195332,8.684498703347312,8.3,0.38449870333333336,3,Timestamp,Duplicate
R_2nPUBmftSMSznZD,67506146-7dc0-800e-b6a7-a70abd56437c,04122024,04122024_1345_10,extracted_from_message,My ID is 04122024_1345_10,2024-12-04 05:27:00,2024-12-04 14:03:50.744990,8.614095830586221,8.3,0.3140958305555555,3,Timestamp,Duplicate
R_8ZTwe32nrTweQVl,675084ac-ae1c-8008-81bd-b8aca50bba90,04122024,04122024_1634_06,extracted_from_message,My ID is 04122024_1634_06,2024-12-04 06:36:00,2024-12-04 16:34:52.869403,9.981352611912621,9.966666666666667,0.014685945277777777,3,Timestamp,Duplicate
R_83wHZKkSPlfRc89,67517fba-4f28-800e-9fe9-9fda484ba697,04122024,04122024_1025_10,extracted_from_message,My ID is 04122024_1025_10,2024-12-05 02:39:00,2024-12-05 10:26:02.581682,7.784050467212995,16.233333333333334,24.017383800555557,3,Timestamp,Duplicate
R_8oCa3r9CHLKGD8i,6751da3e-c868-8008-84ff-42fd55db79ed,05122024,05122024_1652_09,extracted_from_message,My ID is 05122024_1652_09,2024-12-05 07:54:00,2024-12-05 16:52:15.116338,8.9708656494485,8.966666666666667,0.004198982777777778,3,Timestamp,Duplicate
R_8Wai7DpJtvLPrNf,67486167-eb50-8012-87b0-b6efa6917ac2,28112024_0225_Derived,28112024_1200_15,extracted_from_message,28112024_1200_15,2024-11-28 02:25:00,2024-11-28 12:26:16.209830,10.021169397234917,9.583333333333334,0.4378360638888889,2,Timestamp,Duplicate
R_8pTTRcCUUhS5TDH,674edc43-cd40-8005-a9b1-8059d74b6ddd,20606627,20606627_1000_14,extracted_from_message,My ID is 20606627_1000_14,2024-12-03 02:26:00,2024-12-03 10:24:04.042857,7.967789682481024,,,3,Timestamp,Complete
R_2cTCwoGdIN4g5Nl,674f00c5-cca4-8008-aac3-eab4794a7493,03122024,03122024_1230_12,extracted_from_message,My ID is 03122024_1230_12,2024-12-03 04:13:00,2024-12-03 12:59:50.114903,8.780587473048104,8.283333333333333,0.4972541397222222,3,Timestamp,Duplicate
R_8CdDHgLRZS3Dz4l,674f1189-b90c-800c-8b5d-5c2b179a843d,03122024,03122024_1345_07,extracted_from_message,my ID is 03122024_1345_07,2024-12-03 05:21:00,2024-12-03 14:11:22.026221,8.839451728065809,8.4,0.4394517280555556,3,Timestamp,Duplicate
R_27dNoKMyQVtxO0q,674f465c-fa58-8005-a894-dca15fd44a29,03122024,03122024_1730_20,extracted_from_message,My ID is 03122024_1730_20,2024-12-03 06:37:00,2024-12-03 17:56:46.231972,11.329508881105317,10.883333333333333,0.4461755477777778,3,Timestamp,Duplicate
R_2zdcJbyfVO7kRGh,67502efe-a3e4-8002-b6ab-d9e6c3176786,04122024_0227_Derived,20452200_1029_11,extracted_from_message,20452200_1029_11,2024-12-04 02:27:00,2024-12-04 10:29:18.905290,8.038584802746772,,,2,Timestamp,Duplicate
R_80ZtD40wP3ItUrh,67504270-f360-8012-a86f-41780e2edd27,03122024,03122024_1115_8,extracted_from_message,My ID is 03122024__1115_8,2024-12-04 04:12:00,2024-12-04 11:52:17.228560,7.671452377769683,16.95,24.62145237777778,2,Timestamp,Duplicate
R_8PoLy8scMlZrsdo,675062a1-74cc-8008-8667-1a88d56dcced,20416281,20416281_1345_09,extracted_from_message,My ID is 20416281_1345_09,2024-12-04 05:27:00,2024-12-04 14:09:37.690781,8.710469661421246,,,3,Timestamp,Complete
R_8B2KBdzvmuP45Q2,675074c5-e290-800d-9aba-d26b87322911,04122024,04122024_1500_21,extracted_from_message, My ID is 04122024_1500_#21_time_computer number,2024-12-04 06:36:00,2024-12-04 15:27:02.289816,8.850636059972976,8.4,0.45063606,2,Timestamp,Duplicate
R_8cbaPl7MRdOxheO,675096bb-28d0-8008-adda-e851efd014d3,04122024,04122024_1730_17,extracted_from_message,My ID is 04122024_1730_17,2024-12-04 07:56:00,2024-12-04 17:51:55.418640,9.932060733305084,9.566666666666666,0.3653940666666667,3,Timestamp,Duplicate
R_8tAnHIWHCZkVKQE,67517f00-31b0-800d-a659-fb8b8322f4ff,05122024,05122024_1000_21,extracted_from_message,My ID is 05122024_1000_21,2024-12-05 02:39:00,2024-12-05 10:22:56.456174,7.732348937193553,7.35,0.3823489372222222,3,Timestamp,Duplicate
R_8eFvjN6kbfuGmwz,674860b4-2380-8008-afed-44c8bea888d2,28112024_0225_Derived,28112024_1223_6,extracted_from_message,28112024_1223_6,2024-11-28 02:25:00,2024-11-28 12:23:16.292043,9.971192234158515,9.966666666666667,0.0045255675,2,Timestamp,Duplicate
R_2IQpl4XWeCCizE0,674da9f5-1754-8007-957e-8d3e9ec67d30,02122024,02122024_1200_13,extracted_from_message,My ID is 02122024_1200_13,2024-12-02 04:10:00,2024-12-02 12:37:09.713930,8.452698313858773,7.833333333333333,0.6193649805555556,3,Timestamp,Duplicate
R_8v1zzh1XTJu1TsI,674edbbd-c50c-800c-93d2-6047f2e34241,03122024,03122024_1000_22,extracted_from_message,My ID is 03122024_1000_22,2024-12-03 02:26:00,2024-12-03 10:21:50.088174,7.9305800483624145,7.566666666666666,0.36391338166666665,3,Timestamp,Duplicate
R_2qERuXFUEA8U2kw,674f00ca-67e0-8012-afcb-c3ff1beb6ad1,031220241300,031220241300_4,extracted_from_message,My ID is 031220241300_4,2024-12-03 04:13:00,2024-12-03 12:59:54.707367,8.781863157484267,,,1,Timestamp,Complete
R_2sdcKrRCZNxuoqX,674f1145-7234-8008-828c-b100cb02e7f2,03122024,03122024_1345_12,extracted_from_message,My ID is 03122024_1345_12,2024-12-03 05:21:00,2024-12-03 14:10:13.655543,8.820459873080253,8.4,0.4204598730555556,3,Timestamp,Duplicate
R_8l3vWfYDKn9pYtw,674f365d-1050-8007-accd-c80e79db2605,03122024,03122024_1648_3,extracted_from_message,My ID is 03122024_1648_3,2024-12-03 06:37:00,2024-12-03 16:48:29.377820,10.191493838893043,10.183333333333334,0.008160505555555555,3,Timestamp,Duplicate
R_2jBd1qNxBEYs3F9,67502ec8-82f0-800d-8a37-12050f4b1b9b,04122024,04122024_1300-21,extracted_from_message,My ID is 04122024_1300-21,2024-12-04 02:27:00,2024-12-04 10:28:24.762884,8.02354524552822,,,1,Timestamp,Duplicate
R_2yN8v2LqqTdkyKl,67505123-4af8-8012-9ec5-bf8dda049d8c,04122024_0412_Derived,04122024_1230_15,extracted_from_message,04122024_1230_15,2024-12-04 04:12:00,2024-12-04 12:54:59.986021,8.716662783622741,8.3,0.4166627836111111,2,Timestamp,Duplicate
R_8kiYSGuwQWpqUrk,67505457-21f4-8012-8901-ca3cb2f244c4,04122024,04122024_1308_8,extracted_from_message,MY ID is 04122024_1308_8,2024-12-04 05:27:00,2024-12-04 13:08:39.436403,7.694287889732255,7.683333333333334,0.010954556388888889,3,Timestamp,Duplicate
R_2P4w0Cz17dCvnh0,67507416-f6fc-8013-a8ee-6f7ae115468d,04122024,04122024_1500_16,extracted_from_message,My ID is 04122024_15:00_16,2024-12-04 06:36:00,2024-12-04 15:24:07.209804,8.802002723349466,8.4,0.40200272333333337,2,Timestamp,Duplicate
R_2ghdFpN9F0a1zP2,675097a8-107c-8008-b7cd-e47123c3dd00,04122024_0756_Derived,04122024_1730_12,extracted_from_message,my id is 04122024_1730_12,2024-12-04 07:56:00,2024-12-04 17:55:52.291181,9.997858661413193,9.566666666666666,0.43119199472222225,3,Timestamp,Duplicate
R_8D7P7SinXxvbYaQ,67517d5e-7cc8-8008-8a6b-41ca967695fa,05122024,05122024_1000_12,extracted_from_message,My ID is 05122024_1000_12,2024-12-05 02:39:00,2024-12-05 10:15:59.247198,7.616457555029127,7.35,0.266457555,3,Timestamp,Duplicate
R_8fcGK8GlBXkD70d,6751d802-3d9c-800d-b315-20654bc52c29,05122024,05122024_1615_21,extracted_from_message,My ID is 05122024_1615_21,2024-12-05 07:54:00,2024-12-05 16:42:42.451254,8.81179201496972,8.35,0.461792015,3,Timestamp,Duplicate
R_8ea29M7H225WKEs,674860f8-0e94-8010-89d3-593f9d906f5f,28112024_0225_Derived,28112024_1200_19,extracted_from_message,28112024_12:00_19.,2024-11-28 02:25:00,2024-11-28 12:24:24.253437,9.990070399178398,9.583333333333334,0.40673706583333336,1,Timestamp,Duplicate
R_2HcFKra4XYt3kKB,674eec02-1014-8007-b9ee-05fc065bbee2,3,03122014_1131_3,extracted_from_message,My ID is 3/12/2014 11:31 3,2024-12-03 02:26:00,2024-12-03 11:31:14.333182,9.087314772804579,87662.91666666667,87672.00398143944,2,Timestamp,Duplicate
R_8QY5iCwjHjrVSoP,674f009d-2098-800e-afec-4d08c111242c,3,3rdDecember_12:30_10,extracted_from_message, My ID is 3rdDecember_12:30_10,2024-12-03 04:13:00,2024-12-03 12:59:09.391095,8.769275304145284,,,1,Timestamp,Duplicate
R_8YDEG5RNMG6cNtB,674f248f-c2e0-8008-aebd-de781e5a8c92,03122024_0521_Derived,20533101_1532_17,extracted_from_message,my id is 20533101_15:32_17 ,2024-12-03 05:21:00,2024-12-03 15:32:31.945915,10.192207198606598,,,2,Timestamp,Duplicate
R_8qWFjRSAvejpHTZ,674f4836-adfc-8005-9527-3ebb13c87708,03122024,03122024_1804_14,extracted_from_message,MY ID is 03122024_1804_14,2024-12-03 06:37:00,2024-12-03 18:04:39.275044,11.460909734434551,11.45,0.010909734444444446,3,Timestamp,Duplicate
R_229WpdhUSUUkaRI,6750324e-32d0-8012-b51f-4675e4c1e33a,04122024_0227_Derived,04122024_1043,generated_from_conv_time,Please give me some quick fire esperanto questions and mark as we go,2024-12-04 02:27:00,2024-12-04 10:43:26.422872,8.274006353351805,,,0,Timestamp,Duplicate
R_2hfPJoz8F9ewxNL,67504ca7-f30c-8009-a5e2-dbfcbb0563f1,5,04122024_1235,generated_from_conv_time,This study is being conducted by researchers from the FAIR centre at NHH Norwegian School of Economi,2024-12-04 04:12:00,2024-12-04 12:35:52.152446,8.397820123897658,,,0,Timestamp,Duplicate
R_28HcTYhqyZ07qpy,675054c2-319c-8012-a01c-54c697c6220e,04122024_0527_Derived,04122024_1310,generated_from_conv_time,why do you add n in esperanto,2024-12-04 05:27:00,2024-12-04 13:10:26.505816,7.724029393328561,,,0,Timestamp,Duplicate
R_2hG9slS4e4UXbZh,6750855a-1fd8-8007-9ed7-312a8e725b14,04122024,04122024_1615_13,extracted_from_message,My ID is 04122024_16:15_13,2024-12-04 06:36:00,2024-12-04 16:37:46.626982,10.02961860610379,9.65,0.3796186061111111,2,Timestamp,Duplicate
R_81hFjo2XXEiYfqM,67508782-f744-800c-a42d-0d3fc57c2aa2,04122024_0756_Derived,04122024_1646,generated_from_conv_time,how what does hierau mean in esparanto,2024-12-04 07:56:00,2024-12-04 16:46:59.306722,8.849807422757149,,,0,Timestamp,Duplicate
R_2AxORAAq56K0Oqt,675181af-0dd8-8012-8965-63ce27d2189b,05122024,05122024_1000_15,extracted_from_message, My ID is 05122024_1000_15,2024-12-05 02:39:00,2024-12-05 10:34:23.319208,7.923144224418534,7.35,0.5731442244444445,3,Timestamp,Duplicate
R_2DCbx70ILLK2HKh,6751d766-46d8-8012-a5d7-70aacb11a52a,05122024,05122024_1640_15,extracted_from_message,My ID is 05122024_1640_15,2024-12-05 07:54:00,2024-12-05 16:40:06.511666,8.768475462794305,8.766666666666667,0.001808796111111111,3,Timestamp,Duplicate
R_8Dbxi4w1mbXIcN0,6748609d-6294-8007-8fbf-e4d175374104,28112024_0225_Derived,28112024_1222_3,extracted_from_message,28112024_1222_3 ,2024-11-28 02:25:00,2024-11-28 12:22:53.543730,9.964873258339034,9.95,0.014873258333333332,2,Timestamp,Duplicate
R_84jhNGlO9bqdExD,674eedec-063c-8009-bd78-c0adc0d37838,03122024,03122024_1115_02,extracted_from_message,My ID is 03122024_1115_02,2024-12-03 02:27:00,2024-12-03 11:39:24.262338,9.206739538311957,8.8,0.4067395383333333,3,Timestamp,Duplicate
R_2tnXHJ4ZgD50lor,674f00ae-3648-8005-bba1-35a4c549ce40,03122024_0413_Derived,03122024_1230_14,extracted_from_message,03122024_1230_14,2024-12-03 04:13:00,2024-12-03 12:59:26.502587,8.77402849641111,8.283333333333333,0.49069516305555555,2,Timestamp,Duplicate
R_8BJIWX5dWMxU9cR,674f10a4-9900-8008-b1c5-7190f81aa209,20181164,03122024_1345_18,extracted_from_message,My ID is 20181164_03/12/24_13:45_18,2024-12-03 05:21:00,2024-12-03 14:07:33.594775,8.775998548600409,8.4,0.3759985486111111,3,Timestamp,Complete
R_8vdCn2oioivTyw0,674f32df-aae8-8005-a63b-212b5ac98964,03122024,03122024_1615_20,extracted_from_message,My ID is 03122024_1615_20,2024-12-03 06:37:00,2024-12-03 16:33:35.997194,9.943332553903263,9.633333333333333,0.30999922055555557,3,Timestamp,Duplicate
R_2PCqHz2IHfDtofD,675040dd-89bc-8010-be68-dcfc19bff5e1,04122024,04122024_1145_19,extracted_from_message,My ID is 04122024_1145_19,2024-12-04 02:27:00,2024-12-04 11:45:33.786168,9.309385046694015,9.3,0.009385046666666667,3,Timestamp,Duplicate
R_2VsYi08yMO4eEJ9,675047be-3f00-800d-84fc-16cd6c0ea217,04122024_0412_Derived,04122024_1214,generated_from_conv_time,do you know Esperanto,2024-12-04 04:12:00,2024-12-04 12:14:54.466675,8.048462965289751,,,0,Timestamp,Duplicate
R_2erg7lNxths2j33,67505d75-bfdc-8012-9574-ad906ae1793b,5,04122024_1347,generated_from_conv_time, in chinese This study is being conducted by researchers from the FAIR centre at NHH Norwegian Schoo,2024-12-04 05:27:00,2024-12-04 13:47:34.079906,8.342799973885219,,,0,Timestamp,Duplicate
R_2SzxErXDfQCdWRr,675072b0-c560-8002-b3be-273810499c3b,04122024_0636_Derived,04122024_1500_11,extracted_from_message,my id is 04122024_1500_11,2024-12-04 06:36:00,2024-12-04 15:18:09.011485,8.702503190305498,8.4,0.3025031902777778,3,Timestamp,Duplicate
R_2PyGEiyA0j8xxgL,675087a2-a574-8012-945a-595f1aaeeb2d,04122024,04122024_1615_15,extracted_from_message,My ID is 04122024_1615_15,2024-12-04 07:56:00,2024-12-04 16:47:30.922424,8.858589562243885,8.316666666666666,0.5419228955555556,3,Timestamp,Duplicate
R_2GAGWTD8Lw2IJOW,67517f51-9c58-800c-8d19-1d6370f6a2be,05122024,05122024_1000_22,extracted_from_message,My ID is 05122024_1000_22,2024-12-05 02:39:00,2024-12-05 10:24:17.872093,7.7549644702672955,7.35,0.40496447027777777,3,Timestamp,Duplicate
R_8mhgTfBQRKOHOIZ,6751c73d-23bc-8008-befc-a182f71d4cc3,05122024,05122024_1530_09,extracted_from_message,My ID is 05122024_1530_09,2024-12-05 07:54:00,2024-12-05 15:31:09.347437,7.61926317691803,7.6,0.019263176944444443,3,Timestamp,Duplicate
R_2jpqy0FMvbpn55W,674eda4e-41c0-8010-9583-36e64d4c1fba,03122024,03122024_1015_19,extracted_from_message, My ID is 03122024_1015_19. ,2024-12-03 02:26:00,2024-12-03 10:15:42.692960,7.828525822228856,7.816666666666666,0.011859155555555556,3,Timestamp,Duplicate
R_2U5TmDgdOBoEhHb,674f0155-3814-8005-83c1-f9839e761850,03122024_0413_Derived,03122024_1230_20,extracted_from_message,03122024_12:30_20,2024-12-03 04:13:00,2024-12-03 13:02:14.564960,8.820712488889694,8.283333333333333,0.5373791555555555,1,Timestamp,Duplicate
R_2Qy10cqgLCkwswa,674f248a-09cc-800c-98d1-638ef36f9310,03122024_0521_Derived,03122024_1532,generated_from_conv_time,happy in esperanto,2024-12-03 05:21:00,2024-12-03 15:32:26.186194,10.190607276095283,,,0,Timestamp,Duplicate
R_8diUly09cmkAB8m,674f45cf-cab0-8009-aad7-11d49823384c,3,03122024_1754_2,extracted_from_message,My ID is 3/12/24_17:54_2,2024-12-03 06:37:00,2024-12-03 17:54:24.073081,11.290020300282372,11.283333333333333,0.006686966944444444,3,Timestamp,Duplicate
R_2DvcnA2OuNqe6Ih,67503fd0-9938-8012-b0a7-6f45ee4dea5b,04122024_0227_Derived,04122024_1115_4,extracted_from_message,MY ID IS 04122024_1115_4,2024-12-04 02:27:00,2024-12-04 11:41:05.015899,9.234726638595264,8.8,0.4347266386111111,3,Timestamp,Duplicate
R_815VoCbDxuk7upS,67504efe-0f40-8008-b400-87cbff0a7cc0,04122024_0412_Derived,04122024_1245,generated_from_conv_time,name is in esporanto,2024-12-04 04:12:00,2024-12-04 12:45:50.350372,8.563986214465565,,,0,Timestamp,Duplicate
R_2adweihzRvHxWtr,67505f34-e510-8008-b48c-c492399446cb,04122024_0527_Derived,04122024_1355,generated_from_conv_time,what is the infinitive in language,2024-12-04 05:27:00,2024-12-04 13:55:01.157042,8.46698806722959,,,0,Timestamp,Duplicate
R_2xJFAb38ed3fgFU,675078b3-1234-800c-89e9-d8c61d68d8ba,04122024_0636_Derived,04122024_1543,generated_from_conv_time,Enter the code announced by the lab coordinator to start the test: what means,2024-12-04 06:36:00,2024-12-04 15:43:47.315040,9.129809733364317,,,0,Timestamp,Duplicate
R_2R1IEAmsTVerayj,67509973-a40c-8009-8a4a-e50f51fbbc2b,04122024_1803,04122024_1803_2,extracted_from_message,20689353 is 04/12/2024_18:03_2,2024-12-04 07:56:00,2024-12-04 18:03:31.943121,10.125539755821228,10.116666666666667,0.008873089166666667,2,Timestamp,Complete
R_8Bs4bhEt1qw8tqL,67518263-de38-8007-b0dc-7bd43af05201,05122024,05122024_1037_13,extracted_from_message,My ID is 05122024_1037_13 and hit enter,2024-12-05 02:39:00,2024-12-05 10:37:24.197492,7.973388192190065,7.966666666666667,0.0067215255555555554,3,Timestamp,Duplicate
R_2KjWKmYkc7liKHc,6751d546-7824-8012-acd2-2041e145e547,05122024_0754_Derived,05122024_1631,generated_from_conv_time,esperantoto english=tomdormis bona ,2024-12-05 07:54:00,2024-12-05 16:31:02.879019,8.617466394172775,,,0,Timestamp,Duplicate
R_8JamVvdezen9DIB,674eed5d-c0a8-8013-8c85-637b49e17a57,03122024,03122024_1115_16,extracted_from_message,My ID is 03122024 _11:15_16,2024-12-03 02:26:00,2024-12-03 11:37:02.618015,9.184060559736357,8.816666666666666,0.3673938930555556,2,Timestamp,Duplicate
R_8JVnfa3jvFCYR4L,674f00a2-734c-8007-b204-ad33a44e0035,03122024,03122024_1230_3,extracted_from_message,My ID is 03122024_1230_3,2024-12-03 04:13:00,2024-12-03 12:59:14.641062,8.770733628339238,8.283333333333333,0.487400295,3,Timestamp,Duplicate
R_2gi1CMEnMrSWJOi,674f31fe-08fc-8012-b075-876b868b0f56,03122024_0521_Derived,03122024_1629,generated_from_conv_time,what is amikoj in esperandas,2024-12-03 05:21:00,2024-12-03 16:29:50.382145,11.147328373591105,,,0,Timestamp,Duplicate
R_8yMtt5m4dJ7k5RT,674f481f-2fbc-8013-83c7-ff537f724369,03122024,03122024_1730_16,extracted_from_message,My ID is 03122024_1730_16,2024-12-03 06:37:00,2024-12-03 18:04:15.370303,11.454269528587659,10.883333333333333,0.5709361952777778,3,Timestamp,Duplicate
R_8Jy0iJjOuFKL48t,674f4907-3f7c-8012-a220-1f20ce664120,03122024_0753_Derived,03122024_1808,generated_from_conv_time,do you know es[eranto,2024-12-03 07:53:00,2024-12-03 18:08:07.527446,10.252090957230992,,,0,Timestamp,Complete
R_2LiTRTNpoiTjh97,67502daf-8470-8008-be19-091cb20753e8,04122024,04122024_1023_17,extracted_from_message,My ID is 04122024_1023_17,2024-12-04 02:27:00,2024-12-04 10:23:44.423347,7.945673151943419,7.933333333333334,0.01233981861111111,3,Timestamp,Duplicate
R_20oTsYBJ6xa0LCX,6750513a-3d64-8005-b00d-da3ae73c7a2d,04122024,04122024_1230_20,extracted_from_message,MY ID is 04122024_1230_20,2024-12-04 04:12:00,2024-12-04 12:55:22.478891,8.722910803026624,8.3,0.42291080305555556,3,Timestamp,Duplicate
R_2hxNn5PwMk7IqRD,67506550-fd24-8008-83e4-989c090969d0,04122024_0527_Derived,04122024_1421,generated_from_conv_time,give me a list of basic words in esperanto,2024-12-04 05:27:00,2024-12-04 14:21:05.172697,8.901436860296462,,,0,Timestamp,Duplicate
R_2IH3f8rtNAm7CRE,675083cf-2bb0-8005-851f-dcd686884ae0,04122024,04122024_1630_5,extracted_from_message,My ID is 04122024_1630_5,2024-12-04 06:36:00,2024-12-04 16:31:11.451449,9.919847624699274,9.9,0.01984762472222222,3,Timestamp,Duplicate
R_20T3RSb4nozGDA1,675095c8-87f4-8007-8c3f-3c282d7bfc52,04122024,04122024_1730_3,extracted_from_message,My ID is 04122024_1730_3,2024-12-04 07:56:00,2024-12-04 17:47:52.720117,9.864644476970037,9.566666666666666,0.2979778102777778,3,Timestamp,Duplicate
R_8S3Rp6F4UAGkPu1,675180f6-03ec-8005-b992-16679bf8dc05,05122024,05122024_1000_20,extracted_from_message,My ID is 05122024_1000_20,2024-12-05 02:39:00,2024-12-05 10:31:18.504887,7.871806913084454,7.35,0.5218069130555556,3,Timestamp,Duplicate
R_8c588KWUzIUA5k5,6751c8b5-7a8c-8013-9be1-d660d8e4f65f,05122024,05122024_1500_16,extracted_from_message,My ID is 05122024_1500_#16,2024-12-05 07:54:00,2024-12-05 15:37:25.898548,7.723860707746612,7.1,0.6238607077777778,2,Timestamp,Duplicate
R_2rokfxjCacAzD14,674edca9-116c-8008-9edf-d11899a125ae,03122024,03122024_1000_17,extracted_from_message,My ID is 03122024_1000_17,2024-12-03 02:26:00,2024-12-03 10:25:45.364851,7.9959346808327565,7.566666666666666,0.42926801416666666,3,Timestamp,Duplicate
R_8EpcA3enrbWIko0,674f0f18-e508-800c-9965-827afa850708,20592412,20592412_22,extracted_from_message,My ID is 20592412_22,2024-12-03 04:18:00,2024-12-03 14:00:58.266812,9.716185225579475,,,1,Timestamp,Complete
R_2T7v93IeCW4hWjn,674f146a-4a90-8012-a43b-d630b332f275,03122024_0521_Derived,03122024_1423,generated_from_conv_time,esperanto,2024-12-03 05:21:00,2024-12-03 14:23:38.495000,9.0440263888571,,,0,Timestamp,Duplicate
R_2E0LlrcpqnEjRPq,674f3470-cf74-8008-a2e1-1c95e84721d2,03122024,03122024_1615_6,extracted_from_message,My ID is 03122024_1615_6,2024-12-03 06:37:00,2024-12-03 16:40:17.067909,10.054741085833973,9.633333333333333,0.4214077525,3,Timestamp,Duplicate
R_82rRAaQlw3zg3Wm,675029e7-5af8-8008-9b14-0cf8a867eab3,04122024_0227_Derived,04122024_1007,generated_from_conv_time,what is infinitive in english language ,2024-12-04 02:27:00,2024-12-04 10:07:35.608167,7.676557824148072,,,0,Timestamp,Duplicate
R_2NaAY24sZSFN93s,675071b1-c890-8012-b7df-3a36295f0be9,20439807,04122024_1500_4,extracted_from_message, My ID is 20439807_04122024_1500_4,2024-12-04 05:27:00,2024-12-04 15:13:54.025288,9.78167369114028,9.55,0.23167369111111114,3,Timestamp,Complete
R_2dQG26ELCafff0t,6750856b-7db8-800e-a4fc-b4ce33321940,04122014,04122014_0315_10,extracted_from_message, My ID is 04122014_0315_10 ,2024-12-04 07:56:00,2024-12-04 16:38:03.750545,8.701041818062464,87676.68333333333,87685.38437515139,3,Timestamp,Complete
R_2OMQhsJYmz9k0uZ,67518231-6c00-8005-adea-30729bd24064,05122024,05122024_1000_14,extracted_from_message,My ID is 05122024_1000_14,2024-12-05 02:39:00,2024-12-05 10:36:33.721643,7.959367123047511,7.35,0.6093671230555555,3,Timestamp,Duplicate
