ResponseId,conversation_id,survey_time,conv_time,time_diff_seconds,time_diff_minutes,time_diff_hours,UserID,MatchMethod,match_confidence
R_8eFvjN6kbfuGmwz,6748609d-6294-8007-8fbf-e4d175374104,1732760700.0,1732796573.54373,35873.54373002052,597.8923955003421,9.964873258339034,28112024_0225_Generated,OptimalTimestamp,90.03512674166096
R_8Dbxi4w1mbXIcN0,674860b4-2380-8008-afed-44c8bea888d2,1732760700.0,1732796596.292043,35896.29204297066,598.2715340495109,9.971192234158515,28112024_0225_Generated,OptimalTimestamp,90.02880776584149
R_8Wai7DpJtvLPrNf,674860f8-0e94-8010-89d3-593f9d906f5f,1732760700.0,1732796664.253437,35964.253437042236,599.4042239507039,9.990070399178398,28112024_0225_Generated,OptimalTimestamp,90.00992960082161
R_2EsdNhwmGwStrCA,67486110-e1e0-8012-a588-e06edc3812fd,1732760700.0,1732796689.141545,35989.1415450573,599.8190257509549,9.996983762515915,28112024_0225_Generated,OptimalTimestamp,90.00301623748409
R_8qkylSKLZxexxeN,6748612d-c46c-8008-9a1e-0269d57a4fb1,1732760700.0,1732796717.980413,36017.98041296005,600.2996735493342,10.00499455915557,28112024_0225_Generated,OptimalTimestamp,89.99500544084444
R_8qCzIIjxOTtrWA4,6748614a-0b18-800c-bf63-bc944421acf4,1732760700.0,1732796746.240263,36046.24026298523,600.7706710497538,10.012844517495896,28112024_0225_Generated,OptimalTimestamp,89.98715548250411
R_8kmEQqPKqtEcKgj,67486167-eb50-8012-87b0-b6efa6917ac2,1732760700.0,1732796776.20983,36076.2098300457,601.270163834095,10.021169397234917,28112024_0225_Generated,OptimalTimestamp,89.97883060276509
R_8ea29M7H225WKEs,674861b0-3b10-8007-b71d-5cc92f8a90f9,1732760700.0,1732796848.452823,36148.45282292366,602.4742137153943,10.041236895256572,28112024_0225_Generated,OptimalTimestamp,89.95876310474343
R_8IhOeYeqrVgfCVl,67486246-f4a4-8008-b99e-4ba7578e3710,1732762620.0,1732796999.252502,34379.25250196457,572.9875416994095,9.549792361656825,28112024_0257_Generated,OptimalTimestamp,90.45020763834317
R_8LrB4g4Fpe3OUFz,67486288-3f38-8013-bd0c-101cc1692241,1732762620.0,1732797064.548313,34444.54831290245,574.0758052150409,9.567930086917347,28112024_0257_Generated,OptimalTimestamp,90.43206991308266
R_8ffOman88fYnoXb,6748628a-b840-8008-9a30-c50cd377cdb2,1732762620.0,1732797067.031479,34447.031478881836,574.1171913146973,9.568619855244954,28112024_0257_Generated,OptimalTimestamp,90.43138014475505
R_28af9XybaRsflvj,67486389-79f8-8005-88b4-ab4922b5cb23,1732762620.0,1732797321.707602,34701.70760202408,578.361793367068,9.639363222784466,28112024_0257_Generated,OptimalTimestamp,90.36063677721553
R_2YrX7B6LLgDiXaH,67486406-1674-8009-8962-1cf4e5beddc6,1732762620.0,1732797446.511191,34826.511190891266,580.4418531815211,9.674030886358684,28112024_0257_Generated,OptimalTimestamp,90.32596911364132
R_2v1mbKKpTkG0Z0Z,674da26a-cec8-8008-85a4-ebe6eeff4476,1732762620.0,1733141099.675861,378479.6758608818,6307.994597681363,105.1332432946894,28112024_0257_Generated,OptimalTimestamp,0.0
R_8i8xRKC1xV0RVTa,674da33b-b034-8012-8dd7-b7cd9fb964e4,1732762620.0,1733141308.003455,378688.00345492363,6311.466724248728,105.19111207081212,28112024_0257_Generated,OptimalTimestamp,0.0
R_8w129IY0S3mU0IF,674da459-1424-8005-b712-9a1b27814535,1732762620.0,1733141593.269803,378973.2698030472,6316.22116338412,105.27035272306865,28112024_0257_Generated,OptimalTimestamp,0.0
R_8v7Z7xFIRB5pnoZ,674da4e4-ee00-8009-9d26-98c351663e12,1732762620.0,1733141733.37054,379113.37053990364,6318.55617566506,105.30926959441767,28112024_0257_Generated,OptimalTimestamp,0.0
R_8U4OqbqDVvcun6h,674da537-9f4c-800c-b24f-cfd7b30fc34e,1732762620.0,1733141815.845211,379195.84521102905,6319.930753517151,105.33217922528584,28112024_0257_Generated,OptimalTimestamp,0.0
R_8Dx7CNlyg18staN,674da571-906c-8010-9401-3ca592632661,1732762620.0,1733141873.676369,379253.6763689518,6320.894606149197,105.34824343581994,28112024_0257_Generated,OptimalTimestamp,0.0
R_8erc40ZIIJPGJBb,674da5a6-cecc-8012-88a0-2c75e7e618fe,1732762620.0,1733141927.044643,379307.04464292526,6321.784077382088,105.36306795636813,28112024_0257_Generated,OptimalTimestamp,0.0
R_2GqfBa8EVb5RwCR,674da5ba-4754-800d-8728-6a712f5ba880,1732762620.0,1733141946.589546,379326.5895459652,6322.109825766087,105.36849709610145,28112024_0257_Generated,OptimalTimestamp,0.0
R_8E0sByifjmJ043l,674da5cb-66fc-8008-9c4d-268c78383d03,1732762620.0,1733141963.764685,379343.76468491554,6322.396078081926,105.3732679680321,28112024_0257_Generated,OptimalTimestamp,0.0
R_8PRIzzoVIIOh3EZ,674da5cb-aa6c-8005-9570-baef5e4d7f23,1732762620.0,1733141966.443591,379346.44359111786,6322.440726518631,105.37401210864385,28112024_0257_Generated,OptimalTimestamp,0.0
R_8NDEaq6fAHLkaWf,674da5d4-4be8-8008-8dad-c3881fa4cd6c,1732762620.0,1733141972.476677,379352.4766769409,6322.541277949015,105.37568796581692,28112024_0257_Generated,OptimalTimestamp,0.0
R_8hRQ1S7N9rhY5ev,674da5ff-c5e0-8007-b3c9-5faf7fdd3d94,1732766400.0,1733142016.019932,375616.01993203163,6260.266998867194,104.33778331445323,28112024_0400_Generated,OptimalTimestamp,0.0
R_2htMpcciGwfEJ0O,674da633-b3d4-8012-ae50-723c2ee5dc26,1732766400.0,1733142067.928456,375667.92845606804,6261.132140934467,104.3522023489078,28112024_0400_Generated,OptimalTimestamp,0.0
R_2LXNfTdzI1qkRKp,674da63b-5af4-800e-8caa-863c771b0472,1732769940.0,1733142075.664779,372135.66477894783,6202.261079649131,103.37101799415217,28112024_0459_Generated,OptimalTimestamp,0.0
R_2qnnHd3C995YD1D,674da6bc-454c-8008-8335-b38c2f28eb29,1732769940.0,1733142204.454092,372264.45409202576,6204.4075682004295,103.4067928033405,28112024_0459_Generated,OptimalTimestamp,0.0
R_81MDAtRBFJv8Q3U,674da79b-5fe8-8005-a7f5-8d3fca641afe,1732769940.0,1733142428.162461,372488.1624610424,6208.136041017374,103.46893401695623,28112024_0459_Generated,OptimalTimestamp,0.0
R_2XigCBgFKhjZpsZ,674da7bf-9a08-8002-8554-d288839a3385,1732770000.0,1733142463.776413,372463.77641296387,6207.729606882731,103.46216011471219,28112024_0500_Generated,OptimalTimestamp,0.0
R_8QFMPfV7dJ2oMeM,674da9f5-1754-8007-957e-8d3e9ec67d30,1732770000.0,1733143029.71393,373029.7139298916,6217.161898831527,103.61936498052545,28112024_0500_Generated,OptimalTimestamp,0.0
R_81h5GKDmEdrx0GJ,674ed886-f6f0-8008-b44b-bf331b817fa5,1732770000.0,1733220487.268395,450487.26839494705,7508.121139915785,125.13535233192974,28112024_0500_Generated,OptimalTimestamp,0.0
R_2ZjfFtiqQ7IgVGx,674ed8e6-dbf0-8005-9f2e-27ae1184720c,1732770000.0,1733220583.186397,450583.18639707565,7509.719773284594,125.16199622140991,28112024_0500_Generated,OptimalTimestamp,0.0
R_20CxBqgqJ59Eu3d,674eda4e-41c0-8010-9583-36e64d4c1fba,1732770000.0,1733220942.69296,450942.6929600239,7515.711549333731,125.26185915556219,28112024_0500_Generated,OptimalTimestamp,0.0
R_8l8rj2ZfctcRxS1,674eda77-ed70-8009-a559-1b3a655d0301,1732770000.0,1733220984.378766,450984.3787660599,7516.4063127676645,125.27343854612775,28112024_0500_Generated,OptimalTimestamp,0.0
R_8OZracgEpS49sLU,674edb41-d378-8007-ac81-d6774480d5cf,1732770000.0,1733221186.265535,451186.2655351162,7519.771092251936,125.32951820419895,28112024_0500_Generated,OptimalTimestamp,0.0
R_8DfAtmXCuZTtuMh,674edbbd-c50c-800c-93d2-6047f2e34241,1732770000.0,1733221310.088174,451310.0881741047,7521.834802901745,125.36391338169575,28112024_0500_Generated,OptimalTimestamp,0.0
R_8D5KwPx5XPc9GYQ,674edc3d-4408-8002-b94c-6d32a573741d,1732770000.0,1733221437.500822,451437.50082206726,7523.958347034454,125.39930578390758,28112024_0500_Generated,OptimalTimestamp,0.0
R_277rwFq7rk8deCB,674edc43-cd40-8005-a9b1-8059d74b6ddd,1732770000.0,1733221444.042857,451444.0428569317,7524.067380948862,125.40112301581436,28112024_0500_Generated,OptimalTimestamp,0.0
R_8OrTyyQxUapiN2h,674edc43-f8e4-8008-b438-490d4fc62013,1732770000.0,1733221444.27124,451444.27123999596,7524.071187333266,125.40118645555444,28112024_0500_Generated,OptimalTimestamp,0.0
R_2s1tFz3SFNk5sIG,674edc52-4ba8-8007-b07d-e55d177bea8b,1732770000.0,1733221458.58394,451458.58394002914,7524.309732333819,125.40516220556366,28112024_0500_Generated,OptimalTimestamp,0.0
R_2Hwyebe3i3gTbrC,674edca8-7b48-800c-8a6a-03f593c1306a,1732770000.0,1733221544.761522,451544.7615220547,7525.746025367578,125.42910042279297,28112024_0500_Generated,OptimalTimestamp,0.0
R_2QLMZo8ihSAYAbl,674edca9-116c-8008-9edf-d11899a125ae,1732770000.0,1733221545.364851,451545.3648509979,7525.756080849966,125.42926801416608,28112024_0500_Generated,OptimalTimestamp,0.0
R_84CtwNacDxM9twD,674edcce-a6e4-8005-a6a2-e9755d883f79,1732770300.0,1733221583.132548,451283.1325480938,7521.38554246823,125.35642570780384,28112024_0505_Generated,OptimalTimestamp,0.0
R_2zNpXqyudCh2xpK,674edd59-9780-8008-9b59-8816b3d6a405,1732770360.0,1733221721.771127,451361.77112698555,7522.6961854497595,125.37826975749599,28112024_0506_Generated,OptimalTimestamp,0.0
R_2pWcpDrHA4jyEmY,674edd72-9bdc-8012-b93f-b767dfbcb716,1732770360.0,1733221746.813197,451386.8131968975,7523.113553281625,125.38522588802708,28112024_0506_Generated,OptimalTimestamp,0.0
R_8IYEZd0vJC0vCU8,674eddfa-88ec-8013-b8d0-1bd24cee2b97,1732770360.0,1733221883.537607,451523.5376069546,7525.392293449243,125.42320489082071,28112024_0506_Generated,OptimalTimestamp,0.0
R_8gjtu8K99bXRioh,674ede81-777c-8012-824a-284bd8fe1241,1732770600.0,1733222017.800261,451417.80026102066,7523.630004350344,125.39383340583908,28112024_0510_Generated,OptimalTimestamp,0.0
R_8Xocl1OV48ti437,674edfb6-5fb0-8008-8eee-11206b6ba9b7,1733112540.0,1733222326.681022,109786.68102192879,1829.7780170321464,30.496300283869108,02122024_0409_Generated,OptimalTimestamp,69.5036997161309
R_886igvX39wE2QiR,674ee98f-66c4-8009-b156-601409bef13c,1733112540.0,1733224847.63165,112307.63164997101,1871.7938608328502,31.19656434721417,02122024_0409_Generated,OptimalTimestamp,68.80343565278582
R_8H6XQZXyAaJEE6J,674eec02-1014-8007-b9ee-05fc065bbee2,1733112540.0,1733225474.333182,112934.33318209648,1882.2388863682747,31.37064810613791,02122024_0409_Generated,OptimalTimestamp,68.6293518938621
R_8fkfvwK2fjVzQKh,674eec7e-6a48-8012-ac21-eca6682b8b07,1733112540.0,1733225598.689259,113058.68925905228,1884.3114876508712,31.405191460847856,02122024_0409_Generated,OptimalTimestamp,68.59480853915214
R_2djYqncKQ1NPSql,674eecb4-944c-800e-999a-691db58c1d1e,1733112540.0,1733225652.843984,113112.84398388863,1885.2140663981438,31.420234439969065,02122024_0409_Generated,OptimalTimestamp,68.57976556003094
R_2KrQaF7qexPxzMF,674eece7-2d0c-8008-befd-ccb8fea31a4f,1733112540.0,1733225703.994823,113163.99482297897,1886.066580382983,31.43444300638305,02122024_0409_Generated,OptimalTimestamp,68.56555699361695
R_8wzgmOo7PR5whW8,674eed23-0ef8-800d-b2a9-0457eef9f9c7,1733112540.0,1733225763.563834,113223.56383395195,1887.0593972325325,31.450989953875542,02122024_0409_Generated,OptimalTimestamp,68.54901004612447
R_8G1eecQHGlKadmP,674eed2c-3014-8005-bb36-5940bcaee158,1733112540.0,1733225773.763895,113233.76389503479,1887.2293982505798,31.453823304176332,02122024_0409_Generated,OptimalTimestamp,68.54617669582368
R_2gzI0KuYqLGPkOj,674eed44-ec0c-8005-877d-d9f1169339b8,1733112540.0,1733225797.251123,113257.25112295151,1887.6208520491919,31.460347534153197,02122024_0409_Generated,OptimalTimestamp,68.5396524658468
R_8diye1R5UeA6slb,674eed5d-c0a8-8013-8c85-637b49e17a57,1733112540.0,1733225822.618015,113282.61801505089,1888.0436335841814,31.46739389306969,02122024_0409_Generated,OptimalTimestamp,68.5326061069303
R_8ySWQdIkGNZljMt,674eedb3-e298-8012-8120-a79c53300be4,1733112540.0,1733225908.168408,113368.16840791702,1889.4694734652837,31.49115789108806,02122024_0409_Generated,OptimalTimestamp,68.50884210891194
R_2GddBaeyTfQjALo,674eeddd-dd34-8008-8d39-e4af2fecf018,1733112540.0,1733225950.175871,113410.17587089539,1890.1695978482564,31.502826630804275,02122024_0409_Generated,OptimalTimestamp,68.49717336919572
R_2VR8VDGEkYmej5R,674eedec-063c-8009-bd78-c0adc0d37838,1733112540.0,1733225964.262338,113424.26233792305,1890.4043722987176,31.506739538311958,02122024_0409_Generated,OptimalTimestamp,68.49326046168804
R_2qfFvfpxeUcrT20,674eedff-1a40-800c-98e5-748c78019cd8,1733112540.0,1733225983.432129,113443.43212890625,1890.7238688151042,31.512064480251738,02122024_0409_Generated,OptimalTimestamp,68.48793551974826
R_8RwZHTn8RQOXmtH,674eee23-076c-8010-b208-c81bf28ab968,1733112540.0,1733226019.340545,113479.34054493904,1891.3223424156506,31.522039040260843,02122024_0409_Generated,OptimalTimestamp,68.47796095973916
R_2H1PJKPL5hueF5Z,674eee5a-d384-8012-95e7-0c81e2daa453,1733112540.0,1733226075.157707,113535.15770697594,1892.252628449599,31.537543807493314,02122024_0409_Generated,OptimalTimestamp,68.46245619250669
R_8CFxANC85q5otax,674eee5c-0dd0-800c-a4db-cdf6726d09e1,1733112600.0,1733226076.290694,113476.29069399834,1891.271511566639,31.52119185944398,02122024_0410_Generated,OptimalTimestamp,68.47880814055603
R_8l4wamITs56Z31X,674eeee2-6174-8008-ae85-8bcfd31d8b17,1733112600.0,1733226210.58114,113610.58114004135,1893.5096856673558,31.5584947611226,02122024_0410_Generated,OptimalTimestamp,68.4415052388774
R_8EiQBhFFtzeUVYX,674eeef3-f4fc-8007-a164-373289bb2bd1,1733112600.0,1733226228.234544,113628.23454403877,1893.8039090673128,31.563398484455213,02122024_0410_Generated,OptimalTimestamp,68.4366015155448
R_2IQpl4XWeCCizE0,674eef4d-6888-8008-857f-941cb97d577a,1733112600.0,1733226318.184048,113718.1840479374,1895.3030674656231,31.588384457760387,02122024_0410_Generated,OptimalTimestamp,68.41161554223962
R_26LIfacJte64Zyx,674eefef-99c0-8002-b28c-6d1acc07e608,1733112600.0,1733226479.907213,113879.90721297264,1897.998453549544,31.633307559159068,02122024_0410_Generated,OptimalTimestamp,68.36669244084094
R_8nVQtW7WN4z0eP0,674ef11a-ec08-8005-ba47-c32a2918994c,1733112660.0,1733226779.202898,114119.20289802551,1901.986714967092,31.699778582784866,02122024_0411_Generated,OptimalTimestamp,68.30022141721514
R_8074joer8GcAWxD,674efdb5-9978-8007-bbc0-abfc0b195656,1733112720.0,1733230006.45547,117286.45547008514,1954.7742578347525,32.57957096391254,02122024_0412_Generated,OptimalTimestamp,67.42042903608746
R_87VUvGxjk4fDIkx,674efdd0-5c64-8009-ba48-72d79c894da9,1733112900.0,1733230032.774108,117132.77410793304,1952.212901798884,32.53688169664807,02122024_0415_Generated,OptimalTimestamp,67.46311830335193
R_2rOM9wY7Br7zc11,674efdda-6028-8008-af5e-2be83ad87939,1733122680.0,1733230042.605212,107362.60521197319,1789.3767535328866,29.822945892214776,02122024_0658_Generated,OptimalTimestamp,70.17705410778522
R_8nt5wvzxZyTZDEZ,674efe52-5750-800d-87ba-926471fc38cd,1733192760.0,1733230162.612163,37402.612163066864,623.3768693844478,10.389614489740795,03122024_0226_Generated,OptimalTimestamp,89.6103855102592
R_2IPE98MlYuzInuN,674eff08-3f7c-8005-95da-42bb850b3067,1733192760.0,1733230344.552841,37584.552840948105,626.4092140158017,10.440153566930029,03122024_0226_Generated,OptimalTimestamp,89.55984643306996
R_2NsubXR8LhZD6LH,674eff1e-a248-8002-8f17-456722d4a36b,1733192760.0,1733230366.9161,37606.91610002518,626.7819350004196,10.446365583340327,03122024_0226_Generated,OptimalTimestamp,89.55363441665968
R_2WlEj9bv8fbg2Mp,674f002b-ee88-8012-8b17-5672b9ef05dc,1733192760.0,1733230636.631286,37876.63128590584,631.2771880984307,10.521286468307178,03122024_0226_Generated,OptimalTimestamp,89.47871353169282
R_20Pcee3winLwPvf,674f0072-bbe4-8013-8c53-894a492b8567,1733192760.0,1733230706.977008,37946.977008104324,632.4496168017388,10.540826946695645,03122024_0226_Generated,OptimalTimestamp,89.45917305330435
R_2G8vfS5DY1dgNSj,674f009d-2098-800e-afec-4d08c111242c,1733192760.0,1733230749.391095,37989.39109492302,633.156518248717,10.552608637478617,03122024_0226_Generated,OptimalTimestamp,89.44739136252139
R_2hNfDt58u49xkIh,674f00a2-734c-8007-b204-ad33a44e0035,1733192760.0,1733230754.641062,37994.641062021255,633.2440177003542,10.554066961672572,03122024_0226_Generated,OptimalTimestamp,89.44593303832742
R_89xi5k2HqzeKlxL,674f00a7-21ec-8008-9857-714f03272028,1733192760.0,1733230760.094348,38000.0943479538,633.3349057992299,10.555581763320498,03122024_0226_Generated,OptimalTimestamp,89.4444182366795
R_8wuBOMGVzzH8pb3,674f00ae-3648-8005-bba1-35a4c549ce40,1733192760.0,1733230766.502587,38006.50258708,633.4417097846667,10.557361829744446,03122024_0226_Generated,OptimalTimestamp,89.44263817025555
R_80W9fsTDlF9qwE1,674f00c5-cca4-8008-aac3-eab4794a7493,1733192760.0,1733230790.114903,38030.114902973175,633.8352483828862,10.563920806381438,03122024_0226_Generated,OptimalTimestamp,89.43607919361857
R_8JamVvdezen9DIB,674f00ca-67e0-8012-afcb-c3ff1beb6ad1,1733192760.0,1733230794.707367,38034.70736694336,633.911789449056,10.5651964908176,03122024_0226_Generated,OptimalTimestamp,89.4348035091824
R_21QQA4gsTwDL8Oa,674f00d0-b794-8008-a2ba-d8837b71519f,1733192760.0,1733230801.031833,38041.031832933426,634.0171972155571,10.566953286925951,03122024_0226_Generated,OptimalTimestamp,89.43304671307405
R_2CU9FSlQcMasje1,674f0141-ed04-8012-b938-852651150d4a,1733192760.0,1733230914.227436,38154.227436065674,635.9037906010946,10.598396510018242,03122024_0226_Generated,OptimalTimestamp,89.40160348998175
R_8aXdVWeeRPiIY3v,674f0155-3814-8005-83c1-f9839e761850,1733192760.0,1733230934.56496,38174.5649600029,636.2427493333817,10.604045822223027,03122024_0226_Generated,OptimalTimestamp,89.39595417777697
R_2Hp64jFL9wJvilV,674f017c-4e30-8008-a233-64ac198ef8c7,1733192760.0,1733230973.005296,38213.0052959919,636.883421599865,10.614723693331083,03122024_0226_Generated,OptimalTimestamp,89.38527630666891
R_2HcFKra4XYt3kKB,674f01a0-7578-8010-ba47-7fe2dd5b82c4,1733192760.0,1733231008.905484,38248.905483961105,637.4817580660184,10.624695967766973,03122024_0226_Generated,OptimalTimestamp,89.37530403223303
R_8RiqfZnBGKUyxyx,674f01f4-f358-800c-b30e-c1a248c02133,1733192760.0,1733231093.182802,38333.1828019619,638.8863800326983,10.648106333878305,03122024_0226_Generated,OptimalTimestamp,89.3518936661217
R_8v1zzh1XTJu1TsI,674f0313-1700-800c-bc01-d49531b1e15f,1733192760.0,1733231379.313571,38619.31357097626,643.6552261829377,10.727587103048961,03122024_0226_Generated,OptimalTimestamp,89.27241289695104
R_8esp0TKphxWLke6,674f0364-2d00-8008-b0fd-be15aa9275c3,1733192760.0,1733231460.366289,38700.366288900375,645.0061048150062,10.750101746916771,03122024_0226_Generated,OptimalTimestamp,89.24989825308323
R_2rokfxjCacAzD14,674f0e23-f450-8005-8359-8542ad9368bc,1733192760.0,1733234212.683819,41452.68381905556,690.8780636509259,11.5146343941821,03122024_0226_Generated,OptimalTimestamp,88.4853656058179
R_24ArDOMEaUdCL2V,674f0e3a-b8dc-8012-aa78-aff7a8827b1e,1733192760.0,1733234235.076829,41475.076828956604,691.25128048261,11.520854674710169,03122024_0226_Generated,OptimalTimestamp,88.47914532528984
R_22317AJ06zqaURy,674f0f18-e508-800c-9965-827afa850708,1733192760.0,1733234458.266812,41698.266812086105,694.9711135347684,11.58285189224614,03122024_0226_Generated,OptimalTimestamp,88.41714810775386
R_2pbuLnTBCoK9hBQ,674f0f1a-bdd4-8013-add0-2f0d8ba99146,1733192760.0,1733234459.048776,41699.04877591133,694.9841462651889,11.583069104419815,03122024_0226_Generated,OptimalTimestamp,88.41693089558018
R_8hEzdaPefGaVhEK,674f0faf-38fc-8008-a224-f6dee2a594b9,1733192760.0,1733234607.551283,41847.55128288269,697.4591880480449,11.624319800800748,03122024_0226_Generated,OptimalTimestamp,88.37568019919925
R_8pKbjDqWlXRFrA2,674f104d-7da4-8008-ae29-91ff20c4c3be,1733192760.0,1733234765.849245,42005.84924507141,700.0974874178569,11.668291456964281,03122024_0226_Generated,OptimalTimestamp,88.33170854303572
R_8pTTRcCUUhS5TDH,674f104f-1b5c-8009-bdbd-b8305dc3e2fc,1733192760.0,1733234767.387379,42007.387378931046,700.1231229821841,11.668718716369735,03122024_0226_Generated,OptimalTimestamp,88.33128128363026
R_2rPhW2e1PRPslJC,674f10a4-9900-8008-b1c5-7190f81aa209,1733192760.0,1733234853.594775,42093.59477496147,701.5599129160245,11.692665215267075,03122024_0226_Generated,OptimalTimestamp,88.30733478473293
R_8OdedU6aM559xQd,674f1145-7234-8008-828c-b100cb02e7f2,1733192760.0,1733235013.655543,42253.65554308891,704.2275923848152,11.73712653974692,03122024_0226_Generated,OptimalTimestamp,88.26287346025308
R_2jpqy0FMvbpn55W,674f1176-2f50-8002-a787-baa1bd721b77,1733192760.0,1733235062.438809,42302.438808918,705.0406468153,11.750677446921667,03122024_0226_Generated,OptimalTimestamp,88.24932255307833
R_2OiGj7c1qd9L01e,674f1176-7914-8010-9631-724d2b0fcb56,1733192820.0,1733235062.744232,42242.744231939316,704.0457371989886,11.734095619983144,03122024_0227_Generated,OptimalTimestamp,88.26590438001685
R_8rI73jMo7px8AlW,674f1189-b90c-800c-8b5d-5c2b179a843d,1733192820.0,1733235082.026221,42262.02622103691,704.3671036839485,11.73945172806581,03122024_0227_Generated,OptimalTimestamp,88.2605482719342
R_84jhNGlO9bqdExD,674f11ae-4e38-800d-afd7-9baa485277a7,1733192820.0,1733235118.566234,42298.566234111786,704.9761039018631,11.749601731697718,03122024_0227_Generated,OptimalTimestamp,88.25039826830228
R_2ph8kOwxW2DdSxu,674f121c-1a64-8012-a482-d39eaa4e7c63,1733199120.0,1733235228.319749,36108.3197491169,601.8053291519483,10.030088819199138,03122024_0412_Generated,OptimalTimestamp,89.96991118080086
R_8iqkZkUY6XQpZoR,674f125b-6e58-8007-9f57-e4c374e7ccdb,1733199120.0,1733235291.692467,36171.69246697426,602.8615411162376,10.047692351937293,03122024_0412_Generated,OptimalTimestamp,89.95230764806271
R_82L0mLLWv5EOP2p,674f1434-518c-800e-817a-ba555304ea7c,1733199120.0,1733235768.120311,36648.120311021805,610.8020051836968,10.180033419728279,03122024_0412_Generated,OptimalTimestamp,89.81996658027172
R_8aVTT7DV7SREk11,674f146a-4a90-8012-a43b-d630b332f275,1733199120.0,1733235818.495,36698.49499988556,611.641583331426,10.1940263888571,03122024_0412_Generated,OptimalTimestamp,89.8059736111429
R_8fTvMMXoB939sBz,674f21c0-4024-800c-a189-bf292626595b,1733199120.0,1733239232.593764,40112.593764066696,668.5432294011116,11.142387156685194,03122024_0412_Generated,OptimalTimestamp,88.85761284331481
R_8XRI5kn1eFa62WJ,674f21dc-fe1c-8007-b2a2-a253acf76e0b,1733199120.0,1733239261.964033,40141.96403288841,669.0327338814735,11.150545564691226,03122024_0412_Generated,OptimalTimestamp,88.84945443530877
R_8NPazZ5Juvbfv68,674f220f-3ff4-800d-8765-1f3c71acedc1,1733199120.0,1733239311.637941,40191.63794088364,669.8606323480606,11.164343872467677,03122024_0412_Generated,OptimalTimestamp,88.83565612753232
R_82FkHZiUiHzbz3P,674f223e-6630-8007-80e2-29de999cbdea,1733199120.0,1733239358.581566,40238.58156609535,670.6430261015892,11.17738376835982,03122024_0412_Generated,OptimalTimestamp,88.82261623164018
R_2uPQeg5rL4Yues2,674f2246-cdb0-8008-bed6-d2894b608dac,1733199120.0,1733239366.993633,40246.993633031845,670.7832272171975,11.179720453619957,03122024_0412_Generated,OptimalTimestamp,88.82027954638005
R_8cvpscYIiHvnK6d,674f228a-6b74-8008-9139-629f7b9f59fe,1733199120.0,1733239434.64155,40314.64155006409,671.9106925010681,11.198511541684468,03122024_0412_Generated,OptimalTimestamp,88.80148845831553
R_2bZQfsAIioKkGBZ,674f22c4-6c88-8005-b2f7-9dc93c08ee41,1733199120.0,1733239492.587566,40372.587565898895,672.8764594316483,11.214607657194138,03122024_0412_Generated,OptimalTimestamp,88.78539234280586
R_8wzbEL9LphhFZ4l,674f22cc-b888-8005-ae01-e9b2a0106306,1733199180.0,1733239500.904313,40320.90431308746,672.015071884791,11.200251198079851,03122024_0413_Generated,OptimalTimestamp,88.79974880192015
R_2kePWvsLo0yw2wF,674f2334-de2c-8010-8670-ff528e101311,1733199180.0,1733239605.490724,40425.49072408676,673.7581787347793,11.229302978912989,03122024_0413_Generated,OptimalTimestamp,88.77069702108702
R_8cdF4uxhVksYZLr,674f235d-f22c-8012-b608-dfed00500a43,1733199180.0,1733239646.113265,40466.11326503754,674.4352210839589,11.240587018065982,03122024_0413_Generated,OptimalTimestamp,88.75941298193402
R_82XByP9JAwidnaU,674f2385-86e0-8009-b2a7-77faa572cdbb,1733199180.0,1733239685.770726,40505.7707259655,675.0961787660916,11.25160297943486,03122024_0413_Generated,OptimalTimestamp,88.74839702056514
R_2U5TmDgdOBoEhHb,674f23ae-c04c-8002-b5b2-9dec1f5889e9,1733199180.0,1733239727.006576,40547.00657606125,675.7834429343542,11.263057382239236,03122024_0413_Generated,OptimalTimestamp,88.73694261776076
R_2urcGBclQxr4idP,674f23bc-4304-800e-be8d-b43918a4eca9,1733199180.0,1733239740.472369,40560.47236895561,676.0078728159268,11.266797880265448,03122024_0413_Generated,OptimalTimestamp,88.73320211973456
R_2tnXHJ4ZgD50lor,674f23d6-aa4c-8008-ad28-8ec21b3b54e4,1733199180.0,1733239766.866666,40586.86666607857,676.4477777679762,11.27412962946627,03122024_0413_Generated,OptimalTimestamp,88.72587037053373
R_2Xd4pFj9nmxW5rP,674f248a-09cc-800c-98d1-638ef36f9310,1733199180.0,1733239946.186194,40766.186193943024,679.436436565717,11.323940609428618,03122024_0413_Generated,OptimalTimestamp,88.67605939057138
R_2b2zGNnik1EBlct,674f248f-c2e0-8008-aebd-de781e5a8c92,1733199180.0,1733239951.945915,40771.94591498375,679.5324319163958,11.32554053193993,03122024_0413_Generated,OptimalTimestamp,88.67445946806006
R_8LuL24DXpSIjZoi,674f2642-1878-8013-86e8-de911110213f,1733199180.0,1733240386.483797,41206.483797073364,686.7747299512228,11.446245499187045,03122024_0413_Generated,OptimalTimestamp,88.55375450081296
R_2TNAoGYoMmySRxf,674f31fe-08fc-8012-b075-876b868b0f56,1733199180.0,1733243390.382145,44210.38214492798,736.8397024154663,12.28066170692444,03122024_0413_Generated,OptimalTimestamp,87.71933829307557
R_2cTCwoGdIN4g5Nl,674f325b-1ee4-8005-a8bc-716068b6dd12,1733199180.0,1733243483.447324,44303.44732403755,738.3907887339592,12.306513145565987,03122024_0413_Generated,OptimalTimestamp,87.69348685443401
R_8Brl5m8V7tsg6vo,674f32df-aae8-8005-a63b-212b5ac98964,1733199180.0,1733243615.997194,44435.99719405174,740.5999532341957,12.343332553903261,03122024_0413_Generated,OptimalTimestamp,87.65666744609673
R_2kqgOLlf0HMpEyZ,674f3315-3934-8012-b416-99531f564e58,1733199180.0,1733243669.491057,44489.4910569191,741.4915176153183,12.358191960255304,03122024_0413_Generated,OptimalTimestamp,87.64180803974469
R_8JVnfa3jvFCYR4L,674f3329-4194-8012-9a83-547749411f84,1733199180.0,1733243689.565667,44509.565666913986,741.8260944485664,12.36376824080944,03122024_0413_Generated,OptimalTimestamp,87.63623175919057
R_2qERuXFUEA8U2kw,674f332c-0608-800e-ae47-f592b3f98463,1733199180.0,1733243692.838712,44512.838711977005,741.8806451996168,12.364677419993612,03122024_0413_Generated,OptimalTimestamp,87.63532258000639
R_8QY5iCwjHjrVSoP,674f33b3-a94c-8013-8a64-c6d57d4c3d51,1733199180.0,1733243827.982117,44647.98211693764,744.1330352822939,12.4022172547049,03122024_0413_Generated,OptimalTimestamp,87.5977827452951
R_83fixpr8Ybv9FlJ,674f33ed-0704-8008-9a91-3be4eec96998,1733199180.0,1733243885.592113,44705.592113018036,745.0932018836339,12.418220031393899,03122024_0413_Generated,OptimalTimestamp,87.5817799686061
R_2t69biSprXdI46G,674f3403-4e30-8008-9aa5-afd019d4ae24,1733199180.0,1733243907.532412,44727.532412052155,745.4588735342026,12.424314558903376,03122024_0413_Generated,OptimalTimestamp,87.57568544109662
R_8EpcA3enrbWIko0,674f3470-cf74-8008-a2e1-1c95e84721d2,1733199480.0,1733244017.067909,44537.067909002304,742.2844651500384,12.37140775250064,03122024_0418_Generated,OptimalTimestamp,87.62859224749936
R_8rJsiVt13ocLYLr,674f3477-b710-8005-adb3-8f50050a247a,1733203260.0,1733244023.936588,40763.936588048935,679.3989431341489,11.323315718902482,03122024_0521_Generated,OptimalTimestamp,88.67668428109752
R_2WOmr3gowlySP4v,674f34c6-d01c-8007-8455-f7bb971cf8a3,1733203260.0,1733244103.032931,40843.0329310894,680.7172155181566,11.345286925302611,03122024_0521_Generated,OptimalTimestamp,88.65471307469738
R_8dGFj5u4Veh5J2I,674f350b-95fc-800c-b549-8d3fd8e9bd63,1733203260.0,1733244171.995296,40911.995296001434,681.8665882666905,11.364443137778176,03122024_0521_Generated,OptimalTimestamp,88.63555686222182
R_2OcgbloBG9cmx3q,674f3527-9c50-8002-9cac-4adaacd30e53,1733203260.0,1733244199.864798,40939.864798069,682.3310799678167,11.372184666130277,03122024_0521_Generated,OptimalTimestamp,88.62781533386972
R_8BJIWX5dWMxU9cR,674f353c-c7dc-8010-9a22-460304d7326e,1733203260.0,1733244221.04282,40961.04281997681,682.6840469996134,11.378067449993557,03122024_0521_Generated,OptimalTimestamp,88.62193255000645
R_2hTlq898m3bI9YI,674f3609-7e10-8009-b714-ddc016967758,1733203260.0,1733244426.074824,41166.07482409477,686.1012470682462,11.43502078447077,03122024_0521_Generated,OptimalTimestamp,88.56497921552923
R_8CdDHgLRZS3Dz4l,674f365d-1050-8007-accd-c80e79db2605,1733203260.0,1733244509.37782,41249.37782001495,687.4896303335826,11.458160505559709,03122024_0521_Generated,OptimalTimestamp,88.5418394944403
R_2ty5qZrz4TrEl8Z,674f3849-26e8-8008-84c1-a2210f38a1fc,1733203260.0,1733245001.543515,41741.543514966965,695.6923919161161,11.594873198601935,03122024_0521_Generated,OptimalTimestamp,88.40512680139807
R_2w49xkP0YBOm5BA,674f4317-c830-8008-a1af-6abdffb1b9de,1733203260.0,1733247768.550002,44508.55000209808,741.8091667016347,12.363486111693913,03122024_0521_Generated,OptimalTimestamp,87.63651388830608
R_2QAXgrLg39b4uh6,674f432b-8278-8012-9664-83e43c70915a,1733203260.0,1733247787.834772,44527.834772109985,742.1305795351665,12.368842992252773,03122024_0521_Generated,OptimalTimestamp,87.63115700774722
R_2GpTCSeozSzoEFN,674f43a2-b3cc-8007-9f0e-680bba39651a,1733203260.0,1733247906.974303,44646.974303007126,744.1162383834521,12.401937306390868,03122024_0521_Generated,OptimalTimestamp,87.59806269360914
R_8nI6pazFjmkAiUq,674f446a-adb8-8012-b8cb-6fc1d66e7443,1733203260.0,1733248106.956826,44846.9568259716,747.4492804328601,12.457488007214334,03122024_0521_Generated,OptimalTimestamp,87.54251199278566
R_80UGQbaGQq1CHhD,674f44c9-0bac-8008-9326-dd0d9c9772b8,1733203260.0,1733248201.267747,44941.267746925354,749.0211291154226,12.483685485257043,03122024_0521_Generated,OptimalTimestamp,87.51631451474296
R_8YA0WpVjRHU0I8h,674f4542-621c-800c-8623-e5b46111a818,1733203260.0,1733248322.613512,45062.613512039185,751.0435585339864,12.517392642233107,03122024_0521_Generated,OptimalTimestamp,87.4826073577669
R_8YDEG5RNMG6cNtB,674f4575-2050-800d-a076-ecf7c60e9af2,1733203260.0,1733248373.39783,45113.39783000946,751.889963833491,12.53149939722485,03122024_0521_Generated,OptimalTimestamp,87.46850060277515
R_2d1cJl2Z7qW7UvH,674f4589-ca74-8008-8b23-e25b8c6526f5,1733203260.0,1733248394.467209,45134.46720910072,752.2411201516787,12.537352002527978,03122024_0521_Generated,OptimalTimestamp,87.46264799747202
R_8wouM6jVALkKe4A,674f45cf-cab0-8009-aad7-11d49823384c,1733203260.0,1733248464.073081,45204.07308101654,753.4012180169424,12.556686966949039,03122024_0521_Generated,OptimalTimestamp,87.44331303305096
R_2gi1CMEnMrSWJOi,674f4611-effc-8008-8e4c-03499a3e099b,1733203260.0,1733248530.634914,45270.634913921356,754.5105818986892,12.575176364978155,03122024_0521_Generated,OptimalTimestamp,87.42482363502185
R_81bIEFEGeI6pThW,674f465c-fa58-8005-a894-dca15fd44a29,1733203260.0,1733248606.231972,45346.23197197914,755.7705328663191,12.596175547771983,03122024_0521_Generated,OptimalTimestamp,87.40382445222802
R_82tVJx9okB5OKA1,674f46c9-7818-8002-9686-b8b8c1e64e5a,1733203260.0,1733248713.811102,45453.81110191345,757.5635183652242,12.626058639420403,03122024_0521_Generated,OptimalTimestamp,87.3739413605796
R_2QyqLltROt9S9fO,674f481f-2fbc-8013-83c7-ff537f724369,1733203260.0,1733249055.370303,45795.37030291557,763.2561717152596,12.720936195254327,03122024_0521_Generated,OptimalTimestamp,87.27906380474568
R_8qZNxbCUXfX5uZd,674f4836-adfc-8005-9527-3ebb13c87708,1733203260.0,1733249079.275044,45819.275043964386,763.6545840660731,12.727576401101219,03122024_0521_Generated,OptimalTimestamp,87.27242359889878
R_2sdcKrRCZNxuoqX,674f4873-acd4-800e-9fd9-d1369151fffc,1733203260.0,1733249140.061422,45880.061422109604,764.6676903684934,12.744461506141556,03122024_0521_Generated,OptimalTimestamp,87.25553849385844
R_2Wok5Mely1KHyYp,674f4907-3f7c-8012-a220-1f20ce664120,1733203260.0,1733249287.527446,46027.52744603157,767.1254574338595,12.785424290564325,03122024_0521_Generated,OptimalTimestamp,87.21457570943568
R_89ccd6xlVJmh8PV,675029e7-5af8-8008-9b14-0cf8a867eab3,1733203260.0,1733306855.608167,103595.60816693306,1726.5934694488844,28.77655782414807,03122024_0521_Generated,OptimalTimestamp,71.22344217585193
R_2K2PDqyYjxlFYtK,67502ba7-b380-8007-95f3-66c7c7d6cf72,1733203260.0,1733307303.877396,104043.87739610672,1734.0646232684453,28.90107705447409,03122024_0521_Generated,OptimalTimestamp,71.09892294552591
R_2UEvCkajVHtCC41,67502ba9-fc50-8008-8521-2c82152c180e,1733203260.0,1733307306.394666,104046.3946659565,1734.1065777659417,28.901776296099026,03122024_0521_Generated,OptimalTimestamp,71.09822370390097
R_2pYLTHBaVB47ccc,67502bad-2a84-8013-810a-63e43d281ea1,1733203260.0,1733307309.487792,104049.48779201508,1734.158129866918,28.902635497781965,03122024_0521_Generated,OptimalTimestamp,71.09736450221803
R_2QxtHi49Kcwvup0,67502d32-64bc-8008-891e-4e2775be04c0,1733203260.0,1733307698.562586,104438.5625860691,1740.6427097678184,29.01071182946364,03122024_0521_Generated,OptimalTimestamp,70.98928817053635
R_2D2BmKGPSZ4c6tP,67502daf-8470-8008-be19-091cb20753e8,1733203260.0,1733307824.423347,104564.42334699631,1742.7403891166052,29.04567315194342,03122024_0521_Generated,OptimalTimestamp,70.95432684805658
R_2Qy10cqgLCkwswa,67502dd8-c304-8005-8d37-de91f5532d56,1733203260.0,1733307865.145081,104605.14508104324,1743.419084684054,29.056984744734233,03122024_0521_Generated,OptimalTimestamp,70.94301525526576
R_8cjbZ05HQ7XBuVc,67502dd9-44e4-8005-9087-f25aa94ee804,1733203260.0,1733307865.485507,104605.48550701141,1743.4247584501902,29.05707930750317,03122024_0521_Generated,OptimalTimestamp,70.94292069249683
R_2T7v93IeCW4hWjn,67502e15-af94-800c-9df6-0a5b76bd3a79,1733203260.0,1733307926.027857,104666.0278570652,1744.4337976177533,29.073896626962554,03122024_0521_Generated,OptimalTimestamp,70.92610337303745
R_2E0LlrcpqnEjRPq,67502e3e-ba78-8012-b7b7-a62bd984eaf2,1733207820.0,1733307966.953134,100146.9531340599,1669.1158855676651,27.818598092794417,03122024_0637_Generated,OptimalTimestamp,72.18140190720558
R_2BsKNaoNdDgz8j8,67502e46-1074-8012-b7c2-417dcae3c523,1733207820.0,1733307974.298054,100154.29805397987,1669.2383008996646,27.820638348327744,03122024_0637_Generated,OptimalTimestamp,72.17936165167225
R_8pR68CZX9jwGlcB,67502e4d-07d8-8007-b411-942a5247cab3,1733207820.0,1733307981.338344,100161.33834409714,1669.3556390682857,27.82259398447143,03122024_0637_Generated,OptimalTimestamp,72.17740601552858
R_8yMtt5m4dJ7k5RT,67502e9d-2f3c-8012-a051-378a355dac16,1733207820.0,1733308061.372331,100241.372330904,1670.6895388484002,27.844825647473336,03122024_0637_Generated,OptimalTimestamp,72.15517435252667
R_2Q4cXuEFPOgDtCx,67502ea9-dc54-8010-b2d8-ea694edf9f3c,1733207820.0,1733308074.056484,100254.056483984,1670.9009413997333,27.848349023328886,03122024_0637_Generated,OptimalTimestamp,72.1516509766711
R_871mYYbHmgoE9ss,67502ec8-82f0-800d-8a37-12050f4b1b9b,1733207820.0,1733308104.762884,100284.7628839016,1671.4127147316933,27.856878578861554,03122024_0637_Generated,OptimalTimestamp,72.14312142113845
R_8qWFjRSAvejpHTZ,67502ed5-4ed4-800e-afb6-8a2d3fc852e5,1733207820.0,1733308117.476129,100297.47612905502,1671.624602150917,27.860410035848616,03122024_0637_Generated,OptimalTimestamp,72.13958996415138
R_8Aw5rQ9ek5IPu2l,67502efe-a3e4-8002-b6ab-d9e6c3176786,1733207820.0,1733308158.90529,100338.90528988838,1672.3150881648064,27.871918136080104,03122024_0637_Generated,OptimalTimestamp,72.1280818639199
R_8jgEcFv6MClM2it,67502f33-aa70-8009-aca8-dab3b826de2f,1733207820.0,1733308211.830855,100391.83085489273,1673.1971809148788,27.88661968191465,03122024_0637_Generated,OptimalTimestamp,72.11338031808535
R_2JrXocJuioWUqms,67502f4e-702c-8008-9a4f-041ed3e46d17,1733207820.0,1733308238.687518,100418.6875178814,1673.6447919646898,27.894079866078165,03122024_0637_Generated,OptimalTimestamp,72.10592013392184
R_8diUly09cmkAB8m,67502f7a-81cc-8005-b1dc-33aa3c6458bd,1733207820.0,1733308282.743938,100462.74393796921,1674.3790656328201,27.906317760547,03122024_0637_Generated,OptimalTimestamp,72.093682239453
R_8vdCn2oioivTyw0,67502faa-4a14-8008-bc6e-3a8c165294e2,1733207820.0,1733308330.857893,100510.85789299011,1675.1809648831686,27.91968274805281,03122024_0637_Generated,OptimalTimestamp,72.08031725194719
R_2kSq7NnY5jf6n6x,67502fcd-fbfc-8005-9cce-6735c7830e4a,1733207820.0,1733308367.273177,100547.2731769085,1675.7878862818081,27.929798104696804,03122024_0637_Generated,OptimalTimestamp,72.0702018953032
R_27dNoKMyQVtxO0q,67502ffe-9700-800d-848b-67f2a5e84fb4,1733207820.0,1733308414.768337,100594.76833701134,1676.5794722835224,27.94299120472537,03122024_0637_Generated,OptimalTimestamp,72.05700879527463
R_80YhI7hkSU6T3CP,6750305a-caec-800c-8157-993bc7f63411,1733207820.0,1733308507.397134,100687.39713406563,1678.1232855677604,27.968721426129342,03122024_0637_Generated,OptimalTimestamp,72.03127857387065
R_2FJw1DkeP6J0aOr,67503181-87a0-8007-9e1d-5c2822502713,1733207820.0,1733308801.713007,100981.71300697327,1683.0285501162211,28.05047583527035,03122024_0637_Generated,OptimalTimestamp,71.94952416472965
R_8zvXJ457Rkiu50U,6750324e-32d0-8012-b51f-4675e4c1e33a,1733207820.0,1733309006.422872,101186.4228720665,1686.4403812011083,28.107339686685137,03122024_0637_Generated,OptimalTimestamp,71.89266031331486
R_8NO1ptm3Ik0gPYh,67503743-deb0-8005-8f86-7c8c1ddf0de7,1733207820.0,1733310276.068213,102456.06821298599,1707.6011368830998,28.460018948051665,03122024_0637_Generated,OptimalTimestamp,71.53998105194833
R_2YYWPAFy4ZxHXHz,67503dff-2694-800c-82af-3d5806569a6d,1733207820.0,1733311999.465116,104179.46511602402,1736.3244186004003,28.938740310006672,03122024_0637_Generated,OptimalTimestamp,71.06125968999334
R_2nTkzQinJS5YTy9,67503f54-5b00-8008-87aa-2b60b2d6cb71,1733207820.0,1733312340.826621,104520.8266210556,1742.0137770175934,29.033562950293224,03122024_0637_Generated,OptimalTimestamp,70.96643704970677
R_8i34ElCw39ebJtb,67503f6d-6544-8007-813a-914446a27fe3,1733207820.0,1733312365.659011,104545.65901088715,1742.4276501814525,29.04046083635754,03122024_0637_Generated,OptimalTimestamp,70.95953916364246
R_2HbxCa8nPoPaq8p,67503fc8-eaf4-8008-b9f6-770bb133f2a6,1733207820.0,1733312457.104464,104637.10446405411,1743.9517410675685,29.065862351126142,03122024_0637_Generated,OptimalTimestamp,70.93413764887386
R_8Olk8BIewElxW5R,67503fd0-9938-8012-b0a7-6f45ee4dea5b,1733207820.0,1733312465.015899,104645.01589894295,1744.0835983157158,29.068059971928598,03122024_0637_Generated,OptimalTimestamp,70.93194002807141
R_83Dxvaxsbxce0Jf,67503fde-bd1c-800c-9ab5-df7535c1ad5b,1733207820.0,1733312479.105302,104659.10530209541,1744.3184217015903,29.071973695026504,03122024_0637_Generated,OptimalTimestamp,70.9280263049735
R_2qgGc6F49e3lQC2,675040dd-89bc-8010-be68-dcfc19bff5e1,1733207820.0,1733312733.786168,104913.78616809845,1748.5631028016408,29.142718380027347,03122024_0637_Generated,OptimalTimestamp,70.85728161997265
R_8qy7RxYlFF3gxfk,675040dc-e91c-8008-9786-ede500e1b96c,1733207820.0,1733312733.825154,104913.82515406609,1748.563752567768,29.1427292094628,03122024_0637_Generated,OptimalTimestamp,70.8572707905372
R_2tePetn1S9nNGlb,675040fe-8a4c-8002-bca7-8cda704da262,1733207820.0,1733312766.774999,104946.77499890327,1749.112916648388,29.1518819441398,03122024_0637_Generated,OptimalTimestamp,70.8481180558602
R_8l3vWfYDKn9pYtw,675040fe-c13c-8008-b921-c98f4888a5c1,1733207820.0,1733312767.013256,104947.013256073,1749.1168876012166,29.151948126686943,03122024_0637_Generated,OptimalTimestamp,70.84805187331305
R_8bUoR8FZN1THuut,67504123-b870-8012-83db-a7b7904ab247,1733207820.0,1733312803.96392,104983.96392011642,1749.7327320019403,29.16221220003234,03122024_0637_Generated,OptimalTimestamp,70.83778779996766
R_8LdU8fiXeyqOnOh,67504168-a7bc-8009-8e95-a5393f5a73f3,1733207820.0,1733312872.988111,105052.98811101913,1750.8831351836523,29.181385586394203,03122024_0637_Generated,OptimalTimestamp,70.8186144136058
R_8jGTfGfCZMDgn5r,6750417e-b030-8005-a01d-25f5ce0f035d,1733207820.0,1733312894.95367,105074.95367002487,1751.249227833748,29.187487130562463,03122024_0637_Generated,OptimalTimestamp,70.81251286943754
R_84NMlZE02dmkZ4U,67504189-7c74-8005-a28c-035875662958,1733212380.0,1733312905.806784,100525.80678391457,1675.4301130652427,27.923835217754046,03122024_0753_Generated,OptimalTimestamp,72.07616478224595
R_8ibzjBsWILCadnN,675041a1-3c58-800e-8528-b93398c30474,1733212380.0,1733312929.859505,100549.85950493813,1675.8309917489687,27.93051652914948,03122024_0753_Generated,OptimalTimestamp,72.06948347085051
R_2mBZtJ2rmOxmT2p,6750423c-05f0-8005-84ba-4853487a15a3,1733212380.0,1733313084.265536,100704.26553606987,1678.4044256011646,27.97340709335274,03122024_0753_Generated,OptimalTimestamp,72.02659290664727
R_86nbBmMxJXVn9Kr,67504251-2c10-8007-8d35-5cafaeaca939,1733212380.0,1733313105.40961,100725.40961003304,1678.756826833884,27.9792804472314,03122024_0753_Generated,OptimalTimestamp,72.0207195527686
R_8En0jGtCK6qhjAG,67504261-af80-8008-bc96-59d82aadc0c1,1733212380.0,1733313121.946133,100741.94613289833,1679.0324355483056,27.983873925805092,03122024_0753_Generated,OptimalTimestamp,72.01612607419491
R_8n3mh8IEdAZm92a,67504270-f360-8012-a86f-41780e2edd27,1733212380.0,1733313137.22856,100757.22855997086,1679.287142666181,27.98811904443635,03122024_0753_Generated,OptimalTimestamp,72.01188095556365
R_87g7p1EZQ2WQXux,67504306-7c74-8013-8e06-e22adbbde8bd,1733212380.0,1733313286.739785,100906.73978495598,1681.778996415933,28.02964994026555,03122024_0753_Generated,OptimalTimestamp,71.97035005973444
R_2GvtngzOCpqBPJ8,675047be-3f00-800d-84fc-16cd6c0ea217,1733212380.0,1733314494.466675,102114.4666750431,1701.9077779173851,28.365129631956417,03122024_0753_Generated,OptimalTimestamp,71.63487036804358
R_2YlCRgd0scw99IQ,67504ca7-f30c-8009-a5e2-dbfcbb0563f1,1733212380.0,1733315752.152446,103372.15244603157,1722.8692074338594,28.714486790564326,03122024_0753_Generated,OptimalTimestamp,71.28551320943568
R_2z6LN6REC1XoOel,67504efe-0f40-8008-b400-87cbff0a7cc0,1733212380.0,1733316350.350372,103970.35037207603,1732.839172867934,28.88065288113223,03122024_0753_Generated,OptimalTimestamp,71.11934711886776
R_2jdjrFV67KVDqDT,67504fdd-e380-8005-9e57-7d2c2d334549,1733212380.0,1733316574.134695,104194.1346950531,1736.5689115842183,28.942815193070306,03122024_0753_Generated,OptimalTimestamp,71.0571848069297
R_8dvYAmBhsjKNEmB,67505069-1d8c-8008-a9b8-0ac732c5f8e3,1733212380.0,1733316713.380575,104333.38057494164,1738.8896762490272,28.981494604150456,03122024_0753_Generated,OptimalTimestamp,71.01850539584954
R_8qdJ5jTVr6nmTw9,67505096-6fb4-8012-9c57-3c7b24ff42f2,1733212380.0,1733316758.974245,104378.97424507141,1739.6495707511901,28.994159512519836,03122024_0753_Generated,OptimalTimestamp,71.00584048748016
R_2ydZHcrhe4nEmv7,6750509e-607c-800c-93b2-dbdd92e512a1,1733212380.0,1733316766.63028,104386.63028001785,1739.7771713336308,28.996286188893848,03122024_0753_Generated,OptimalTimestamp,71.00371381110615
R_8CCln2gYZud42KR,675050af-f084-8008-8ebd-1a1de1ad32ed,1733212380.0,1733316784.195332,104404.19533205032,1740.0699222008386,29.00116537001398,03122024_0753_Generated,OptimalTimestamp,70.99883462998602
R_8MGQaEqOF8QApMJ,675050b1-5354-8007-bf5e-a7de1941bcfe,1733212380.0,1733316785.565406,104405.56540608406,1740.0927567680676,29.00154594613446,03122024_0753_Generated,OptimalTimestamp,70.99845405386554
R_8purCG9oK68vkZP,675050f0-b064-800d-ab69-73825e01734e,1733212380.0,1733316849.091043,104469.09104299545,1741.1515173832574,29.019191956387626,03122024_0753_Generated,OptimalTimestamp,70.98080804361237
R_8Kxu5OcvjCpzEiP,675050f1-8e74-8002-8d93-b7b3e14e2c48,1733212380.0,1733316849.829276,104469.8292760849,1741.1638212680816,29.019397021134694,03122024_0753_Generated,OptimalTimestamp,70.9806029788653
R_8g0k8alCGahCRUv,675050fd-dca4-8005-86c6-960f2e82f4e4,1733212380.0,1733316862.089184,104482.08918404579,1741.3681530674298,29.02280255112383,03122024_0753_Generated,OptimalTimestamp,70.97719744887617
R_8FUPNEUM1UuXrwt,67505101-eadc-800c-864d-5861a23f3ab0,1733212380.0,1733316866.38605,104486.38604998589,1741.4397674997647,29.023996124996078,03122024_0753_Generated,OptimalTimestamp,70.97600387500393
R_8gTKgPiy6VtiYE8,67505112-27cc-8008-af89-b4111cfe01ad,1733212380.0,1733316882.38146,104502.3814599514,1741.7063576658568,29.028439294430946,03122024_0753_Generated,OptimalTimestamp,70.97156070556906
R_8l4EJcdUD1yOCw9,67505123-4af8-8012-9ec5-bf8dda049d8c,1733212380.0,1733316899.986021,104519.98602104187,1741.9997670173645,29.033329450289408,03122024_0753_Generated,OptimalTimestamp,70.96667054971059
R_802fCB8KoHpSeSF,6750513a-3d64-8005-b00d-da3ae73c7a2d,1733212380.0,1733316922.478891,104542.47889089584,1742.3746481815974,29.03957746969329,03122024_0753_Generated,OptimalTimestamp,70.96042253030672
R_8mGnGEa2qmKjUI1,6750513e-bbd4-8007-b71d-cd8963850a53,1733212380.0,1733316927.060675,104547.06067490578,1742.4510112484297,29.040850187473826,03122024_0753_Generated,OptimalTimestamp,70.95914981252618
R_8bW8fbTSkaXFBzi,67505142-34a4-8010-9d9b-74ac8a4ae69e,1733212380.0,1733316930.455974,104550.45597410202,1742.507599568367,29.04179332613945,03122024_0753_Generated,OptimalTimestamp,70.95820667386054
R_8aykUkVkxS42AzP,6750518b-6308-8013-bc44-01e138baf29b,1733212380.0,1733317003.671653,104623.6716530323,1743.7278608838717,29.062131014731197,03122024_0753_Generated,OptimalTimestamp,70.9378689852688
R_8AYBy6yORKqy0da,675053ab-b4c8-800c-bd72-628e68ad281b,1733212380.0,1733317547.898058,105167.89805793762,1752.798300965627,29.213305016093784,03122024_0753_Generated,OptimalTimestamp,70.78669498390622
R_8sRy0BneNZqiLG3,675053e5-19cc-800e-8d5f-eb3994efb5da,1733212380.0,1733317605.392088,105225.3920879364,1753.75653479894,29.229275579982335,03122024_0753_Generated,OptimalTimestamp,70.77072442001767
R_8ZPp5KrTrfpshfo,67505457-21f4-8012-8901-ca3cb2f244c4,1733212380.0,1733317719.436403,105339.43640303612,1755.6572733839353,29.26095455639892,03122024_0753_Generated,OptimalTimestamp,70.73904544360107
R_2kYLjsIHMGF2tTt,67505457-b44c-8012-a342-746116ceb0e0,1733212380.0,1733317719.8865,105339.88649988174,1755.664774998029,29.261079583300486,03122024_0753_Generated,OptimalTimestamp,70.73892041669951
R_8zkeKq8Eswo6WGC,67505463-41b4-8008-bf9e-cfa5e70777d7,1733212380.0,1733317731.434976,105351.43497610092,1755.857249601682,29.264287493361365,03122024_0753_Generated,OptimalTimestamp,70.73571250663863
R_2fUCZukoRaAwccp,675054c2-319c-8012-a01c-54c697c6220e,1733212380.0,1733317826.505816,105446.50581598282,1757.4417635997136,29.290696059995227,03122024_0753_Generated,OptimalTimestamp,70.70930394000477
R_8Jy0iJjOuFKL48t,67505d60-f930-8012-8f0d-f3b1d667560c,1733212380.0,1733320033.227347,107653.22734689713,1794.2204557816187,29.90367426302698,03122024_0753_Generated,OptimalTimestamp,70.09632573697303
R_2bJGScq1Sy6Chsz,67505d75-bfdc-8012-9574-ad906ae1793b,1733216880.0,1733320054.079906,103174.07990598679,1719.5679984331132,28.659466640551884,03122024_0908_Generated,OptimalTimestamp,71.34053335944812
R_89Bwlcx2XpOk3Pb,67505f34-e510-8008-b48c-c492399446cb,1733216880.0,1733320501.157042,103621.15704202652,1727.0192840337754,28.783654733896256,03122024_0908_Generated,OptimalTimestamp,71.21634526610374
R_2tvddtksLge3ALn,67505fdc-8d9c-8007-b26d-89e7600ba030,1733216880.0,1733320668.875838,103788.8758380413,1729.8145973006883,28.830243288344807,03122024_0908_Generated,OptimalTimestamp,71.1697567116552
R_2qe5kzzAxCwDZ8R,67506011-3a94-800d-a445-6ae53e3e2dbf,1733216880.0,1733320721.716878,103841.71687793732,1730.6952812989553,28.84492135498259,03122024_0908_Generated,OptimalTimestamp,71.15507864501741
R_838G1KIkokJlWcq,6750608d-3fa8-8007-a391-af0f45cc81dd,1733216880.0,1733320845.576764,103965.57676410675,1732.7596127351126,28.87932687891854,03122024_0908_Generated,OptimalTimestamp,71.12067312108147
R_8PgHiqSa1E67IN8,67506105-6a6c-8012-808c-550a16b728b4,1733216880.0,1733320965.673573,104085.67357301712,1734.761226216952,28.912687103615866,03122024_0908_Generated,OptimalTimestamp,71.08731289638413
R_8mhdP6CyIU8WEgN,67506105-82e0-8012-a877-4739ea06cc11,1733216880.0,1733320965.704383,104085.70438289642,1734.7617397149404,28.912695661915674,03122024_0908_Generated,OptimalTimestamp,71.08730433808432
R_8WWnc9Is93S4kpj,6750612c-e374-800c-9ff1-f28f9ceca6e8,1733216880.0,1733321005.155083,104125.15508294106,1735.419251382351,28.92365418970585,03122024_0908_Generated,OptimalTimestamp,71.07634581029416
R_2gF4x1YB5DztTmV,67506146-7dc0-800e-b6a7-a70abd56437c,1733216880.0,1733321030.74499,104150.7449901104,1735.8457498351734,28.93076249725289,03122024_0908_Generated,OptimalTimestamp,71.06923750274711
R_8F2puAifmePTIbt,67506171-9620-8013-9ed4-2eef0d4d8e43,1733216880.0,1733321073.943856,104193.9438560009,1736.5657309333483,28.942762182222474,03122024_0908_Generated,OptimalTimestamp,71.05723781777752
R_8JEgbKUmkpulUMQ,67506251-f650-8008-b74c-1123684864e6,1733216880.0,1733321298.221601,104418.22160100937,1740.3036933501562,29.005061555835937,03122024_0908_Generated,OptimalTimestamp,70.99493844416406
R_8CHL4ajGlLr9VB1,675062a1-74cc-8008-8667-1a88d56dcced,1733216880.0,1733321377.690781,104497.69078111649,1741.6281796852747,29.027136328087913,03122024_0908_Generated,OptimalTimestamp,70.97286367191208
R_8fKcljZ60M1sIz7,675062d1-e0e0-8012-ba15-df793ae65273,1733216880.0,1733321426.921035,104546.92103505135,1742.4486839175224,29.040811398625372,03122024_0908_Generated,OptimalTimestamp,70.95918860137462
R_2PdB73Bd0cNA4r7,67506358-10c4-8005-992a-5488573a491b,1733216880.0,1733321561.039603,104681.03960299492,1744.6839933832487,29.078066556387476,03122024_0908_Generated,OptimalTimestamp,70.92193344361252
R_22KYHKhhombrM0y,67506404-d978-8008-935b-c3e9b1b52c82,1733216880.0,1733321733.083949,104853.08394908905,1747.5513991514842,29.125856652524735,03122024_0908_Generated,OptimalTimestamp,70.87414334747527
R_2zvTybBZhdWqfbn,67506427-d04c-8005-a90b-df5f03b04cdb,1733216880.0,1733321768.245079,104888.24507904053,1748.1374179840088,29.135623633066814,03122024_0908_Generated,OptimalTimestamp,70.86437636693319
R_2eysZM5c8d7f1xT,67506442-172c-8012-af63-0e6464fdff16,1733216880.0,1733321794.467761,104914.46776103973,1748.5744626839955,29.142907711399925,03122024_0908_Generated,OptimalTimestamp,70.85709228860007
R_8O9eUWpiRBkUktR,67506445-6908-8008-bf40-738389895c63,1733216880.0,1733321797.659798,104917.65979790688,1748.627663298448,29.143794388307466,03122024_0908_Generated,OptimalTimestamp,70.85620561169253
R_8D14OuXeagRqtTn,67506550-fd24-8008-83e4-989c090969d0,1733216880.0,1733322065.172697,105185.17269706726,1753.0862116177877,29.218103526963127,03122024_0908_Generated,OptimalTimestamp,70.78189647303688
R_2PFcYUuMpDh01rx,675065a4-9a50-800c-b683-9fd988913792,1733216880.0,1733322148.901749,105268.90174889565,1754.4816958149274,29.241361596915457,03122024_0908_Generated,OptimalTimestamp,70.75863840308455
R_2VsReUn0ISSgfQX,675068fe-2b28-800d-8d90-74f4f834118e,1733216880.0,1733323006.382056,106126.38205599785,1768.7730342666307,29.479550571110515,03122024_0908_Generated,OptimalTimestamp,70.52044942888949
R_27st177KTqr6NU5,67506d12-5a28-8008-b8a3-07643b4d8db9,1733216880.0,1733324050.601891,107170.6018910408,1786.1766981840133,29.769611636400224,03122024_0908_Generated,OptimalTimestamp,70.23038836359977
R_2WJg4JnAIbT0hy1,675071b1-c890-8012-b7df-3a36295f0be9,1733216880.0,1733325234.025288,108354.02528810501,1805.9004214684169,30.098340357806947,03122024_0908_Generated,OptimalTimestamp,69.90165964219305
R_25TkblYxkdHeiOd,67507252-7ab8-8012-9732-83c4ada4ad9d,1733216880.0,1733325394.693218,108514.69321799278,1808.5782202998796,30.142970338331327,03122024_0908_Generated,OptimalTimestamp,69.85702966166868
R_2Y9vpXaVZCTyoO9,67507287-e5a0-8005-af63-fd44550944d6,1733216880.0,1733325448.196442,108568.19644188881,1809.4699406981467,30.157832344969112,03122024_0908_Generated,OptimalTimestamp,69.84216765503089
R_88UlvdtDUiwvoFS,675072b0-c560-8002-b3be-273810499c3b,1733216880.0,1733325489.011485,108609.01148509979,1810.1501914183298,30.169169856972164,03122024_0908_Generated,OptimalTimestamp,69.83083014302784
R_2FgOgiTJ061FD5U,675072eb-33f0-800c-8960-675755192e9d,1733216880.0,1733325547.514086,108667.51408600807,1811.1252347668012,30.185420579446685,03122024_0908_Generated,OptimalTimestamp,69.81457942055332
R_81MglybDTZob0p7,675072f1-aac4-800e-99b0-57fe7e8c1c21,1733216880.0,1733325553.942284,108673.94228410721,1811.2323714017868,30.18720619002978,03122024_0908_Generated,OptimalTimestamp,69.81279380997022
R_89diZZs7lga7B2g,67507312-4acc-8008-b57c-6a588a56f33e,1733216880.0,1733325586.943207,108706.94320702553,1811.7823867837587,30.196373113062645,03122024_0908_Generated,OptimalTimestamp,69.80362688693735
R_8KwJcaR3CJk3APN,67507325-cdf0-8009-b3d6-57fae49cf211,1733216880.0,1733325606.138109,108726.13810896873,1812.1023018161457,30.201705030269093,03122024_0908_Generated,OptimalTimestamp,69.7982949697309
R_2PZZZlWYgPfkZYm,675073f3-583c-8005-82a7-5a83c6d4056c,1733216880.0,1733325811.575378,108931.57537794113,1815.5262562990188,30.25877093831698,03122024_0908_Generated,OptimalTimestamp,69.74122906168301
R_2CYFWEI2Jtmi0pj,67507416-f6fc-8013-a8ee-6f7ae115468d,1733216880.0,1733325847.209804,108967.20980405807,1816.1201634009678,30.268669390016132,03122024_0908_Generated,OptimalTimestamp,69.73133060998387
R_8ha6ZVW6QMiN0pK,6750744a-b0c4-8005-ae3d-e781fa34734c,1733221500.0,1733325901.074643,104401.07464289665,1740.0179107149443,29.000298511915737,03122024_1025_Generated,OptimalTimestamp,70.99970148808427
R_2Gq9nu4Iz7SYYvr,675074c5-e290-800d-9aba-d26b87322911,1733221500.0,1733326022.289816,104522.28981590271,1742.0381635983786,29.033969393306307,03122024_1025_Generated,OptimalTimestamp,70.96603060669369
R_8LQpYh0yLIx9SzT,675074d1-d6a8-8008-8232-2c15edf54183,1733221500.0,1733326034.172716,104534.17271590233,1742.2362119317054,29.03727019886176,03122024_1025_Generated,OptimalTimestamp,70.96272980113824
R_8LiebpyRygCrrq0,675074e6-8254-8008-8891-2c00a08c69b5,1733221500.0,1733326054.702777,104554.70277690887,1742.578379615148,29.0429729935858,03122024_1025_Generated,OptimalTimestamp,70.9570270064142
R_2C3icjM76Larbfm,67507504-f97c-8008-a66b-16d49521d129,1733221500.0,1733326085.131079,104585.13107895851,1743.085517982642,29.051425299710697,03122024_1025_Generated,OptimalTimestamp,70.9485747002893
R_2pvF73TmhhDLTeV,6750750f-0f20-8012-b80b-9035766db89c,1733221500.0,1733326095.310551,104595.31055092812,1743.2551758488019,29.054252930813366,03122024_1025_Generated,OptimalTimestamp,70.94574706918664
R_2B1b8VD2tv6L8hb,67507566-c718-8007-8b75-a8b2655b9e02,1733221500.0,1733326183.040496,104683.04049611092,1744.7173416018486,29.07862236003081,03122024_1025_Generated,OptimalTimestamp,70.9213776399692
R_8CKGZ7G579uv0eB,67507588-a5c4-8008-9845-f1ca498ed546,1733221500.0,1733326216.919394,104716.91939401627,1745.2819899002711,29.088033165004518,03122024_1025_Generated,OptimalTimestamp,70.91196683499548
R_28hngkufX8Dcjgl,675076fc-a064-8010-92cc-6cd2ecc6962d,1733221500.0,1733326588.985144,105088.98514389992,1751.4830857316654,29.19138476219442,03122024_1025_Generated,OptimalTimestamp,70.80861523780558
R_81nL4SVb2Nf89tX,675077c2-e1a4-8012-b35e-82103ba1f58f,1733221500.0,1733326787.082852,105287.08285188675,1754.7847141981124,29.246411903301876,03122024_1025_Generated,OptimalTimestamp,70.75358809669812
R_2DZZZauzs8ZiyCl,675078b3-1234-800c-89e9-d8c61d68d8ba,1733221500.0,1733327027.31504,105527.31504011154,1758.7885840018591,29.313143066697652,03122024_1025_Generated,OptimalTimestamp,70.68685693330235
R_2lzwFysfCJMlF3G,67507929-12a4-8007-9271-e35991cffe5b,1733221500.0,1733327145.57175,105645.57174992561,1760.7595291654268,29.345992152757116,03122024_1025_Generated,OptimalTimestamp,70.65400784724288
R_8rIzbD580oyaUHK,675083cf-2bb0-8005-851f-dcd686884ae0,1733221500.0,1733329871.451449,108371.45144891739,1806.1908574819565,30.10318095803261,03122024_1025_Generated,OptimalTimestamp,69.89681904196739
R_8dvsXZarS3qCLw5,6750843d-fb48-8005-b676-24fdb8bae34a,1733221500.0,1733329982.574333,108482.5743329525,1808.0429055492084,30.13404842582014,03122024_1025_Generated,OptimalTimestamp,69.86595157417986
R_2pmXYMLknxtVcyb,67508494-b510-8013-a467-b1eb79c20339,1733221500.0,1733330068.983863,108568.98386311531,1809.4830643852551,30.158051073087588,03122024_1025_Generated,OptimalTimestamp,69.84194892691241
R_8FlH5hFoylOlnUl,6750849d-6f38-8010-b76a-d31d6ef8fe23,1733221500.0,1733330077.764211,108577.76421093941,1809.6294035156568,30.16049005859428,03122024_1025_Generated,OptimalTimestamp,69.83950994140572
R_862TqU5PmKaQTk1,675084ac-ae1c-8008-81bd-b8aca50bba90,1733221500.0,1733330092.869403,108592.86940288544,1809.8811567147573,30.164685945245953,03122024_1025_Generated,OptimalTimestamp,69.83531405475405
R_2LnFUscidwlFx60,675084b1-6470-8005-a7c2-d6e09f7aba9e,1733221500.0,1733330097.653294,108597.65329408646,1809.9608882347743,30.166014803912905,03122024_1025_Generated,OptimalTimestamp,69.8339851960871
R_8c0j4WjB7aVOuJ3,675084c9-3fb4-8008-b912-57ae483321b2,1733221500.0,1733330121.556614,108621.55661392212,1810.359276898702,30.172654614978367,03122024_1025_Generated,OptimalTimestamp,69.82734538502163
R_2rV4lAz5iMxlo2J,67508513-5df8-8002-b6fe-7996a00af6f2,1733221500.0,1733330195.650658,108695.65065789223,1811.5941776315371,30.193236293858952,03122024_1025_Generated,OptimalTimestamp,69.80676370614106
R_8TB22WcgsuXNtvb,67508528-a010-800d-94c2-caf34e3b2e17,1733221500.0,1733330216.903978,108716.90397810936,1811.948399635156,30.199139993919268,03122024_1025_Generated,OptimalTimestamp,69.80086000608074
R_2MlncIFkGiOjvu9,6750855a-1fd8-8007-9ed7-312a8e725b14,1733221500.0,1733330266.626982,108766.62698197365,1812.7771163662276,30.212951939437126,03122024_1025_Generated,OptimalTimestamp,69.78704806056288
R_28Yz257ZTozADM5,6750856b-7db8-800e-a4fc-b4ce33321940,1733221500.0,1733330283.750545,108783.75054502487,1813.062509083748,30.21770848472913,03122024_1025_Generated,OptimalTimestamp,69.78229151527087
R_2SvsFuy5fEwcHAt,67508665-0278-8008-939e-20c11639e4cf,1733221500.0,1733330533.457708,109033.45770788193,1817.2242951313654,30.287071585522757,03122024_1025_Generated,OptimalTimestamp,69.71292841447725
R_8Nm1yRtY7vKjQYY,675086fe-b310-8012-9cb1-675da8e3d5b9,1733221500.0,1733330686.844868,109186.84486794472,1819.7807477990787,30.329679129984644,03122024_1025_Generated,OptimalTimestamp,69.67032087001536
R_2nAH0q3aGvFXIq5,67508755-33bc-8009-83e4-1017074bd3e3,1733221500.0,1733330773.468386,109273.46838593483,1821.224473098914,30.353741218315232,03122024_1025_Generated,OptimalTimestamp,69.64625878168476
R_8QOojw4pDEjlmCZ,67508782-f744-800c-a42d-0d3fc57c2aa2,1733221500.0,1733330819.306722,109319.30672192574,1821.988445365429,30.366474089423814,03122024_1025_Generated,OptimalTimestamp,69.63352591057618
R_2xVkum1kdyE7pLx,67508783-e588-8008-93ca-fede730c0888,1733221500.0,1733330820.187691,109320.18769097328,1822.003128182888,30.366718803048133,03122024_1025_Generated,OptimalTimestamp,69.63328119695187
R_2wt6uB8TuCInl7b,675087a2-a574-8012-945a-595f1aaeeb2d,1733221500.0,1733330850.922424,109350.92242407799,1822.5153737346332,30.37525622891055,03122024_1025_Generated,OptimalTimestamp,69.62474377108944
R_82cFAqoBFHXw4a5,6750943f-9ff0-8012-8822-5d7109720cea,1733221620.0,1733334079.906244,112459.90624403954,1874.3317707339922,31.238862845566537,03122024_1027_Generated,OptimalTimestamp,68.76113715443347
R_81Bk3vIbvTNt5lP,6750949d-45ec-8012-9306-c1cc39ef8c38,1733279220.0,1733334173.581501,54953.58150100708,915.8930250167847,15.264883750279745,04122024_0227_Generated,OptimalTimestamp,84.73511624972025
R_8s5NqLlJDyiJgaC,675095c8-87f4-8007-8c3f-3c282d7bfc52,1733279220.0,1733334472.720117,55252.72011709213,920.8786686182023,15.34797781030337,04122024_0227_Generated,OptimalTimestamp,84.65202218969662
R_2ypzI6PNzy0wuKM,67509622-9c7c-8005-b4b9-d586ae31fa10,1733279220.0,1733334562.84402,55342.84401988983,922.3807336648305,15.373012227747175,04122024_0227_Generated,OptimalTimestamp,84.62698777225282
R_8rQ7gpZL8IDJ51T,67509668-e394-8002-bd5f-5d5780a66f37,1733279220.0,1733334633.087677,55413.08767700195,923.5514612833659,15.392524354722765,04122024_0227_Generated,OptimalTimestamp,84.60747564527723
R_8aXll9OJMOYXbWX,675096bb-28d0-8008-adda-e851efd014d3,1733279220.0,1733334715.41864,55495.4186398983,924.923643998305,15.415394066638417,04122024_0227_Generated,OptimalTimestamp,84.58460593336159
R_8qqvevaKXPddvBL,675096e8-7a30-800c-a9cf-c2ad31aac457,1733279220.0,1733334760.857647,55540.85764694214,925.680960782369,15.428016013039484,04122024_0227_Generated,OptimalTimestamp,84.57198398696052
R_82tNxdfffvSUnok,67509792-1aa0-8008-a44b-7cdb8982b3f5,1733279220.0,1733334930.345991,55710.345990896225,928.5057665149371,15.475096108582285,04122024_0227_Generated,OptimalTimestamp,84.52490389141772
R_2NagJw8EObvrjRT,675097a8-107c-8008-b7cd-e47123c3dd00,1733279220.0,1733334952.291181,55732.291181087494,928.8715196847916,15.481191994746526,04122024_0227_Generated,OptimalTimestamp,84.51880800525348
R_8JbliQyjtwbbfzU,675097d2-5e00-8013-b7cd-151571497557,1733279220.0,1733334994.729569,55774.72956895828,929.5788261493047,15.492980435821746,04122024_0227_Generated,OptimalTimestamp,84.50701956417825
R_208DZoTvPHlJ1RX,675097e0-509c-8008-8285-624abcdfa639,1733279220.0,1733335008.580846,55788.58084607124,929.809680767854,15.496828012797568,04122024_0227_Generated,OptimalTimestamp,84.50317198720244
R_2Ed4aBGbEfujJoT,675097e0-5a04-800e-9ed5-cb59ae18a187,1733279220.0,1733335008.726858,55788.72685790062,929.8121142983437,15.49686857163906,04122024_0227_Generated,OptimalTimestamp,84.50313142836094
R_8MIT9DmJ5XOYcrT,675098b3-5d34-8012-af9c-ce0348264320,1733279220.0,1733335219.60116,55999.60116004944,933.326686000824,15.555444766680399,04122024_0227_Generated,OptimalTimestamp,84.4445552333196
R_229WpdhUSUUkaRI,67509973-a40c-8009-8a4a-e50f51fbbc2b,1733279220.0,1733335411.943121,56191.94312095642,936.5323853492737,15.608873089154562,04122024_0227_Generated,OptimalTimestamp,84.39112691084544
R_83HfQzqMSZVdykF,675099a5-2d78-8005-8f31-6b42411da49d,1733279220.0,1733335461.37534,56241.375339984894,937.3562556664149,15.622604261106915,04122024_0227_Generated,OptimalTimestamp,84.37739573889309
R_2PWnohYBTUt3iOR,67509a06-0bb8-8007-a727-fb13bf605084,1733279220.0,1733335558.33119,56338.33119010925,938.9721865018208,15.649536441697014,04122024_0227_Generated,OptimalTimestamp,84.35046355830299
R_8Ja3Mv9TBGX0chc,67509a7d-78a4-8010-bbe7-b49388dfa4ec,1733279220.0,1733335677.787217,56457.78721690178,940.9631202816963,15.682718671361606,04122024_0227_Generated,OptimalTimestamp,84.31728132863839
R_2jBd1qNxBEYs3F9,67517be8-3f9c-800c-b322-9fc3338924bb,1733279220.0,1733393384.664866,114164.66486597061,1902.7444144328435,31.71240690721406,04122024_0227_Generated,OptimalTimestamp,68.28759309278594
R_8EYhHkjj1K1otSS,67517d5e-7cc8-8008-8a6b-41ca967695fa,1733279220.0,1733393759.247198,114539.24719810486,1908.9874533017476,31.816457555029128,04122024_0227_Generated,OptimalTimestamp,68.18354244497087
R_2h6pjap0QjtdTwV,67517de6-1194-8008-a540-b2b1267949bb,1733279220.0,1733393894.334108,114674.33410811424,1911.2389018019041,31.8539816966984,04122024_0227_Generated,OptimalTimestamp,68.1460183033016
R_2LiTRTNpoiTjh97,67517de8-96e8-8013-b686-58cbdd254615,1733279220.0,1733393896.834248,114676.83424806595,1911.2805708010992,31.85467618001832,04122024_0227_Generated,OptimalTimestamp,68.14532381998168
R_87WnAD8rg8txSH8,67517e0f-8440-8009-846d-fb6604204d9e,1733279220.0,1733393935.831672,114715.8316719532,1911.9305278658867,31.86550879776478,04122024_0227_Generated,OptimalTimestamp,68.13449120223522
R_81F7KCNY6085wDj,67517e13-1904-8012-a7e8-2a39232af4c3,1733279220.0,1733393939.392498,114719.39249801636,1911.9898749669394,31.866497916115655,04122024_0227_Generated,OptimalTimestamp,68.13350208388434
R_2Myusren8MG4757,67517f00-31b0-800d-a659-fb8b8322f4ff,1733279220.0,1733394176.456174,114956.45617389679,1915.9409362316133,31.932348937193552,04122024_0227_Generated,OptimalTimestamp,68.06765106280645
R_2DvcnA2OuNqe6Ih,67517f0f-a154-8010-adc4-0af2eb622e66,1733279220.0,1733394192.032703,114972.03270292282,1916.2005450487136,31.936675750811894,04122024_0227_Generated,OptimalTimestamp,68.0633242491881
R_8VliLrznxnYC9yl,67517f51-9c58-800c-8d19-1d6370f6a2be,1733279220.0,1733394257.872093,115037.87209296227,1917.2978682160378,31.954964470267296,04122024_0227_Generated,OptimalTimestamp,68.0450355297327
R_8raaFUaI4tkABah,67517fba-4f28-800e-9fe9-9fda484ba697,1733279220.0,1733394362.581682,115142.58168196678,1919.0430280327796,31.984050467212995,04122024_0227_Generated,OptimalTimestamp,68.015949532787
R_2Xdtylp7fYm79kX,67517fce-97b4-8007-a7bf-472135687f45,1733279220.0,1733394382.90543,115162.9054300785,1919.3817571679751,31.989695952799586,04122024_0227_Generated,OptimalTimestamp,68.0103040472004
R_8na6Gud6ZTfk4Ap,675180f6-03ec-8005-b992-16679bf8dc05,1733279220.0,1733394678.504887,115458.50488710403,1924.3084147850673,32.07180691308445,04122024_0227_Generated,OptimalTimestamp,67.92819308691554
R_82rRAaQlw3zg3Wm,67518181-d288-8008-86e1-b883e957268e,1733279220.0,1733394818.072759,115598.07275891304,1926.634545981884,32.11057576636473,04122024_0227_Generated,OptimalTimestamp,67.88942423363527
R_2ckqOJsblpXwZZ4,67518181-ebcc-8008-8713-202feec43ad6,1733279220.0,1733394818.122515,115598.12251496315,1926.6353752493858,32.11058958748976,04122024_0227_Generated,OptimalTimestamp,67.88941041251024
R_2PCqHz2IHfDtofD,675181af-0dd8-8012-8965-63ce27d2189b,1733279220.0,1733394863.319208,115643.31920790672,1927.3886534651122,32.12314422441853,04122024_0227_Generated,OptimalTimestamp,67.87685577558148
R_2zdcJbyfVO7kRGh,67518231-6c00-8005-adea-30729bd24064,1733279220.0,1733394993.721643,115773.72164297104,1929.5620273828506,32.15936712304751,04122024_0227_Generated,OptimalTimestamp,67.8406328769525
R_2i9uLJNuiHtWQ3X,67518263-de38-8007-b0dc-7bd43af05201,1733279220.0,1733395044.197492,115824.19749188423,1930.403291531404,32.17338819219007,04122024_0227_Generated,OptimalTimestamp,67.82661180780994
R_8CJWYDT54iPipuH,675182e0-a754-8007-8933-bc5527c1374b,1733285460.0,1733395168.843965,109708.84396505356,1828.4807327508927,30.474678879181543,04122024_0411_Generated,OptimalTimestamp,69.52532112081846
R_20ASZea1i6dqWav,675182e8-8934-8008-ba8d-99b92caa557a,1733285460.0,1733395176.801105,109716.80110502243,1828.6133517503738,30.476889195839565,04122024_0411_Generated,OptimalTimestamp,69.52311080416044
R_831lAuV4YKtTeX3,6751c2ed-31b4-8012-9a28-93ae63179fe6,1733285460.0,1733411565.391958,126105.39195799828,2101.7565326333047,35.02927554388841,04122024_0411_Generated,OptimalTimestamp,64.97072445611158
R_87iwwoN9aTz2YGR,6751c38d-0d28-8005-9bd8-6ddfe51738c1,1733285460.0,1733411725.294088,126265.29408788681,2104.4215681314467,35.07369280219078,04122024_0411_Generated,OptimalTimestamp,64.92630719780922
R_2LGzngH02SW1kO8,6751c3a1-aad8-8007-82d9-7ee9116afc84,1733285460.0,1733411746.063092,126286.06309199333,2104.767718199889,35.07946196999815,04122024_0411_Generated,OptimalTimestamp,64.92053803000185
R_2CCy9fIQuQxTLcH,6751c3a2-3b18-8008-984d-956e31b53aeb,1733285460.0,1733411746.494239,126286.49423909187,2104.7749039848645,35.07958173308108,04122024_0411_Generated,OptimalTimestamp,64.92041826691892
R_2ZOtvsPWKQqsdj3,6751c410-6dbc-8008-8b11-eddcaeeab736,1733285460.0,1733411856.767489,126396.76748895645,2106.6127914826075,35.11021319137679,04122024_0411_Generated,OptimalTimestamp,64.8897868086232
R_82nbJPSNlL5yHPq,6751c42a-bfb8-8012-8659-7b78f79db409,1733285460.0,1733411883.025981,126423.0259809494,2107.0504330158233,35.11750721693039,04122024_0411_Generated,OptimalTimestamp,64.88249278306961
R_8RWV8FNbZ21N0oS,6751c42b-acd4-8010-9cce-5c945ce8ced9,1733285460.0,1733411883.874476,126423.87447595596,2107.064574599266,35.11774290998777,04122024_0411_Generated,OptimalTimestamp,64.88225709001223
R_8qmXrDyf3dMtO0H,6751c498-3e90-8009-b441-9dfc60f1f0f7,1733285460.0,1733411992.535563,126532.5355629921,2108.875592716535,35.14792654527558,04122024_0411_Generated,OptimalTimestamp,64.85207345472442
R_2s5stVU4dWQng0B,6751c4e2-9e7c-8008-ade1-815668b77369,1733285460.0,1733412066.869837,126606.86983704567,2110.1144972840943,35.16857495473491,04122024_0411_Generated,OptimalTimestamp,64.83142504526509
R_2VsYi08yMO4eEJ9,6751c501-851c-8002-8978-5010ee03d753,1733285520.0,1733412097.765319,126577.76531910896,2109.6294219851493,35.160490366419154,04122024_0412_Generated,OptimalTimestamp,64.83950963358085
R_815VoCbDxuk7upS,6751c52f-f1c8-8008-a951-9f252c2206d7,1733285520.0,1733412144.134385,126624.13438510895,2110.4022397518156,35.17337066253026,04122024_0412_Generated,OptimalTimestamp,64.82662933746974
R_2gkbikihJ5EpfmF,6751c538-2804-8012-9656-e32c9fd3b1fd,1733285520.0,1733412152.455439,126632.45543909073,2110.5409239848454,35.17568206641409,04122024_0412_Generated,OptimalTimestamp,64.82431793358592
R_2qg97Pb1eujnwaM,6751c578-f8b0-8007-a96c-996f8af0f51c,1733285520.0,1733412217.140518,126697.14051795006,2111.619008632501,35.19365014387502,04122024_0412_Generated,OptimalTimestamp,64.80634985612498
R_27dHzMZJXIfs4v7,6751c5aa-7a14-800e-a94c-a6bccd850f16,1733285520.0,1733412266.698468,126746.6984679699,2112.4449744661647,35.20741624110275,04122024_0412_Generated,OptimalTimestamp,64.79258375889725
R_2gM6MkovkJz9o9X,6751c618-8cf8-800c-b64c-d50fd728e26f,1733285520.0,1733412376.791858,126856.79185795784,2114.2798642992975,35.237997738321624,04122024_0412_Generated,OptimalTimestamp,64.76200226167838
R_2hfPJoz8F9ewxNL,6751c657-1aa0-800d-9812-236f748d8f31,1733285520.0,1733412439.58444,126919.5844399929,2115.3264073332152,35.25544012222025,04122024_0412_Generated,OptimalTimestamp,64.74455987777975
R_2i51Xf2HKqFKOUF,6751c68c-049c-8005-ab84-6d961c566b81,1733285520.0,1733412492.279956,126972.27995610237,2116.2046659350394,35.27007776558399,04122024_0412_Generated,OptimalTimestamp,64.72992223441601
R_8mrWMslvG5iVquJ,6751c73d-23bc-8008-befc-a182f71d4cc3,1733285520.0,1733412669.347437,127149.3474369049,2119.155790615082,35.31926317691803,04122024_0412_Generated,OptimalTimestamp,64.68073682308197
R_2GpwN7mLM9wjwlP,6751c74d-e404-8005-885f-89f319b7432f,1733285520.0,1733412686.298655,127166.29865503311,2119.4383109172186,35.32397184862031,04122024_0412_Generated,OptimalTimestamp,64.67602815137968
R_8hYlBcmIWp5Q0iT,6751c8b5-7a8c-8013-9be1-d660d8e4f65f,1733285520.0,1733413045.898548,127525.8985478878,2125.431642464797,35.42386070774661,04122024_0412_Generated,OptimalTimestamp,64.57613929225339
R_80ZtD40wP3ItUrh,6751d4e7-f9c0-800c-9482-10d192afdc24,1733285520.0,1733416168.164658,130648.16465806961,2177.4694109678267,36.29115684946378,04122024_0412_Generated,OptimalTimestamp,63.70884315053622
R_2cwuA0dZMK8JLG4,6751d546-7824-8012-acd2-2041e145e547,1733285520.0,1733416262.879019,130742.87901902199,2179.0479836503664,36.317466394172776,04122024_0412_Generated,OptimalTimestamp,63.682533605827224
R_2yN8v2LqqTdkyKl,6751d58e-07dc-8005-ab8e-8c513e066117,1733285520.0,1733416334.227781,130814.22778105736,2180.2371296842894,36.337285494738154,04122024_0412_Generated,OptimalTimestamp,63.662714505261846
R_2w15kFEjLswIogs,6751d622-5e60-8008-9f27-4fa8a6609445,1733285520.0,1733416482.557736,130962.55773591995,2182.709295598666,36.378488259977765,04122024_0412_Generated,OptimalTimestamp,63.621511740022235
R_2GEvnGWqrzZ7Usb,6751d69b-4d18-800e-a80a-4b649aac1206,1733285520.0,1733416603.60071,131083.60070991516,2184.726678498586,36.41211130830977,04122024_0412_Generated,OptimalTimestamp,63.58788869169023
R_8R9pC38a9gJdzTl,6751d6a0-40a4-8012-9d7b-d5fb37820a93,1733285520.0,1733416608.447305,131088.44730496407,2184.8074550827346,36.41345758471224,04122024_0412_Generated,OptimalTimestamp,63.58654241528776
R_2ZNS8HsCLmB5EUV,6751d75b-6688-8005-9e2e-663ac5ab1267,1733285520.0,1733416795.65526,131275.65526008606,2187.927587668101,36.46545979446835,04122024_0412_Generated,OptimalTimestamp,63.53454020553165
R_2mttwHpj0uQAEuF,6751d766-46d8-8012-a5d7-70aacb11a52a,1733285520.0,1733416806.511666,131286.5116660595,2188.1085277676584,36.4684754627943,04122024_0412_Generated,OptimalTimestamp,63.5315245372057
R_29tB2dlYXkT5MyL,6751d790-ce9c-8009-acd3-8be8eb9df458,1733285520.0,1733416848.980922,131328.98092198372,2188.8163486997287,36.480272478328814,04122024_0412_Generated,OptimalTimestamp,63.519727521671186
R_20oTsYBJ6xa0LCX,6751d802-3d9c-800d-b315-20654bc52c29,1733285520.0,1733416962.451254,131442.451253891,2190.7075208981832,36.51179201496972,04122024_0412_Generated,OptimalTimestamp,63.48820798503028
R_237cpNUtCicNYgS,6751d825-07e4-8007-9d0f-9062466a11d0,1733290020.0,1733416997.265768,126977.26576805115,2116.2877628008523,35.27146271334754,04122024_0527_Generated,OptimalTimestamp,64.72853728665245
R_89Owaye7yhaTAGd,6751d873-96a8-8008-a582-db1654bcc950,1733290020.0,1733417075.803214,127055.80321407318,2117.5967202345532,35.29327867057589,04122024_0527_Generated,OptimalTimestamp,64.70672132942411
R_2erg7lNxths2j33,6751d878-46c8-800c-869f-094989aa15ac,1733290020.0,1733417080.501172,127060.50117206573,2117.675019534429,35.29458365890715,04122024_0527_Generated,OptimalTimestamp,64.70541634109284
R_27PzpybWZPq9hCs,6751d87a-c894-8008-9cbe-ead96cc1df3a,1733290020.0,1733417082.977902,127062.97790193558,2117.716298365593,35.29527163942655,04122024_0527_Generated,OptimalTimestamp,64.70472836057345
R_26sOmlaAxuwN1Yd,6751d893-bdb8-8008-9e82-33a3cb5e1faa,1733290020.0,1733417108.016713,127088.01671290398,2118.133611881733,35.30222686469555,04122024_0527_Generated,OptimalTimestamp,64.69777313530446
R_8PoLy8scMlZrsdo,6751d914-a510-8013-a316-02a3ab996e4f,1733290020.0,1733417236.891447,127216.89144706726,2120.2815241177877,35.33802540196313,04122024_0527_Generated,OptimalTimestamp,64.66197459803686
R_2nPUBmftSMSznZD,6751d99a-e2b0-8007-a026-a3259819ee77,1733290020.0,1733417371.181893,127351.18189311028,2122.519698218505,35.375328303641744,04122024_0527_Generated,OptimalTimestamp,64.62467169635826
R_8lDhkLwdj59GguK,6751da3e-c868-8008-84ff-42fd55db79ed,1733290020.0,1733417535.116338,127515.1163380146,2125.25193896691,35.4208656494485,04122024_0527_Generated,OptimalTimestamp,64.5791343505515
R_28HcTYhqyZ07qpy,6751da8c-8088-8002-ae6e-56e232820bf5,1733290020.0,1733417612.80254,127592.80254006386,2126.5467090010643,35.44244515001774,04122024_0527_Generated,OptimalTimestamp,64.55755484998227
